Date,country,Alimentos y bebidas no alcohólicas,Bebidas alcohólicas y tabaco,Bienes,Bienes y servicios varios,Comunicación,Educación,Equipamiento y mantenimiento del hogar,Estacional,Nivel general,Núcleo,Prendas de vestir y calzado,Recreación y cultura,Regulados,Restaurantes y hoteles,Salud,Servicios,Transporte,"Vivienda, agua, electricidad y otros combustibles",Salud - current_prices_yoy,Salud - current_prices_mom,Salud - constant_prices,Bienes - current_prices_yoy,Bienes - current_prices_mom,Bienes - constant_prices,Núcleo - current_prices_yoy,Núcleo - current_prices_mom,Núcleo - constant_prices,Regulados - current_prices_yoy,Regulados - current_prices_mom,Regulados - constant_prices,Servicios - current_prices_yoy,Servicios - current_prices_mom,Servicios - constant_prices,Educación - current_prices_yoy,Educación - current_prices_mom,Educación - constant_prices,Estacional - current_prices_yoy,Estacional - current_prices_mom,Estacional - constant_prices,Transporte - current_prices_yoy,Transporte - current_prices_mom,Transporte - constant_prices,Comunicación - current_prices_yoy,Comunicación - current_prices_mom,Comunicación - constant_prices,Nivel general - current_prices_yoy,Nivel general - current_prices_mom,Nivel general - cumsum_12,Nivel general - constant_prices,Nivel general - YTD_change,Nivel general - YTD_sum,Recreación y cultura - current_prices_yoy,Recreación y cultura - current_prices_mom,Recreación y cultura - constant_prices,Restaurantes y hoteles - current_prices_yoy,Restaurantes y hoteles - current_prices_mom,Restaurantes y hoteles - constant_prices,Bienes y servicios varios - current_prices_yoy,Bienes y servicios varios - current_prices_mom,Bienes y servicios varios - constant_prices,Prendas de vestir y calzado - current_prices_yoy,Prendas de vestir y calzado - current_prices_mom,Prendas de vestir y calzado - constant_prices,Bebidas alcohólicas y tabaco - current_prices_yoy,Bebidas alcohólicas y tabaco - current_prices_mom,Bebidas alcohólicas y tabaco - constant_prices,Alimentos y bebidas no alcohólicas - current_prices_yoy,Alimentos y bebidas no alcohólicas - current_prices_mom,Alimentos y bebidas no alcohólicas - constant_prices,Equipamiento y mantenimiento del hogar - current_prices_yoy,Equipamiento y mantenimiento del hogar - current_prices_mom,Equipamiento y mantenimiento del hogar - constant_prices,"Vivienda, agua, electricidad y otros combustibles - current_prices_yoy","Vivienda, agua, electricidad y otros combustibles - current_prices_mom","Vivienda, agua, electricidad y otros combustibles - constant_prices"
2016-12-01,Argentina,100.0,100.0,100.0,100.0,100.0,100.0,100.0,100.0,100.0,100.0,100.0,100.0,100.0,100.0,100.0,100.0,100.0,100.0,,,1848.085612884017,,,1848.085612884017,,,1848.085612884017,,,1848.085612884017,,,1848.085612884017,,,1848.085612884017,,,1848.085612884017,,,1848.085612884017,,,1848.085612884017,,,,1848.085612884017,,100.0,,,1848.085612884017,,,1848.085612884017,,,1848.085612884017,,,1848.085612884017,,,1848.085612884017,,,1848.085612884017,,,1848.085612884017,,,1848.085612884017
2017-01-01,Argentina,101.3024,100.925,101.1903,101.9345,103.0516,100.7952,100.8773,101.6969,101.5859,101.5039,99.0066,103.1906,101.8183,103.1002,102.3501,102.4355,102.0755,101.4784,,2.3500999999999994,1861.988201977249,,1.1902999999999997,1840.888721696788,,1.5039000000000025,1846.5938406965747,,1.818299999999984,1852.3135135713603,,2.4355000000000127,1863.541828133441,,0.7951999999999959,1833.7009266814316,,1.6969000000000012,1850.1049630401933,,2.075500000000008,1856.992584383686,,3.0515999999999988,1874.750131117397,,1.5858999999999843,,1848.0856128840187,0.0158589999999998,101.5859,,3.190599999999999,1877.278866898552,,3.1001999999999974,1875.6342790236135,,1.9344999999999943,1854.4274639150317,,-0.9933999999999888,1801.1621006513983,,0.924999999999998,1836.062292900093,,1.3024000000000149,1842.9280834310869,,0.8773000000000142,1835.194518103251,,1.4783999999999908,1846.129935930967
2017-02-01,Argentina,103.1605,105.2395,102.7002,103.7951,107.2514,103.9808,101.3278,102.3345,103.6859,103.2105,98.8523,103.7961,105.9316,104.8886,105.0852,105.5426,103.9957,107.0014,,2.672298317246402,1873.0265759089664,,1.4921390686656766,1830.5166089151091,,1.6813147081047974,1839.6121377020968,,4.03984352518163,1888.1127126232643,,3.0332257859823963,1881.1792211513105,,3.1604679587917017,1853.3418767274084,,0.6269610971425976,1823.998413976051,,1.881156594873401,1853.6074526218351,,4.075434054396054,1911.6366767484187,,2.0672160211210544,,1848.085612884017,0.0368589999999999,205.2718,,0.5867782530579291,1850.0498050696451,,1.7346232112061877,1869.522400013372,,1.825289769410765,1850.0319811841132,,-0.1558481959788582,1761.9320797764665,,4.2749566509784565,1875.7768014465569,,1.8342112329026603,1838.720943425496,,0.4465821349302512,1806.055108410971,,5.442537525227054,1907.1807053654147
2017-03-01,Argentina,106.0143,107.2901,104.9817,105.6633,110.6933,115.3409,102.1787,104.7868,106.1476,105.2057,102.255,105.5114,110.0057,105.9567,107.1422,108.6229,105.2177,110.8463,,1.95745928065989,1865.4021226362356,,2.2215146611204384,1827.7866799259348,,1.9331366479185652,1831.6866378834015,,3.845972306658263,1915.257165543408,,2.918537159402934,1891.181889366688,,10.92519003508341,2008.1458070375052,,2.3963570447893767,1824.3933682924064,,1.175048583739513,1831.8955642025517,,3.2091888777209254,1927.228643630704,,2.3741897403600554,,1848.0856128840185,0.0614759999999998,311.4194,,1.6525669076198346,1837.0090358637483,,1.0183184826568326,1844.7619433568736,,1.7998922877862311,1839.6536948536557,,3.4422062005638576,1780.3133970570725,,1.9485079271566177,1867.9771395197597,,2.766368910581085,1845.7647896887936,,0.8397498021273542,1778.9849738778105,,3.5933174706125337,1929.8924541998667
2017-04-01,Argentina,108.3515,109.8338,107.4919,107.5442,118.2686,118.6783,103.3147,108.1867,108.9667,107.427,106.8806,108.2881,114.4649,107.9795,109.052,112.0904,105.8674,117.4108,,1.7824909326110472,1849.5323090102552,,2.391083398344662,1823.0728643848756,,2.1113875008673677,1821.9721542020752,,4.053608131215025,1941.3356086786853,,3.1922366278197334,1901.063862468209,,2.8935095876657657,2012.7952740748613,,3.244588058801301,1834.8567385760905,,0.617481659454655,1795.5211896243288,,6.843503626687442,2005.8467230441468,,2.6558301836310916,,1848.0856128840169,0.0896669999999997,420.3861,,2.631658759148303,1836.5764922361209,,1.909081728668416,1831.3426068368565,,1.7800882614871891,1823.9598773673176,,4.523592978338464,1812.70515814842,,2.37086180365198,1862.7917114896616,,2.2046082462460204,1837.6517622760216,,1.1117776992660922,1752.227154437349,,5.92216429416228,1991.2983533244808
2017-05-01,Argentina,109.7631,111.7182,109.0098,108.9336,118.6553,120.69,106.1577,109.0536,110.5301,109.2069,108.726,109.0808,115.6559,109.5541,110.7256,113.7331,106.8575,119.5207,,1.534680702783997,1851.3544123994336,,1.412106400575297,1822.6658895935516,,1.6568460442905495,1825.961441432367,,1.040493636040396,1933.7900249357656,,1.465513549777664,1901.6404202900324,,1.6950866333609538,2017.9611944526616,,0.8012999749507088,1823.3982344466217,,0.9352265192117626,1786.6789985601563,,0.3269675974857167,1983.940599189153,,1.434750249388128,,1848.085612884018,0.1053009999999998,530.9162,,0.7320287270715875,1823.8530239444185,,1.4582397584726792,1831.766695610128,,1.2919339211226566,1821.3918101916352,,1.7265995886999177,1817.9206962305088,,1.7156831503599037,1867.9508850285968,,1.30279691559414,1835.2612178542292,,2.7517865318294588,1774.9782011131604,,1.7970237831613556,1998.4102621080308
2017-06-01,Argentina,110.7483,112.4572,110.1215,110.3729,120.1049,121.8757,107.4904,110.0769,111.8477,110.6653,109.6911,111.6195,116.6875,110.9475,112.3558,115.419,107.5925,121.6359,,1.472288251316778,1856.4810675952567,,1.0198165669508708,1819.5632079980833,,1.3354467529066438,1828.5485421291055,,0.8919562253201008,1928.0547561854528,,1.4823301220137308,1907.0950350651851,,0.982434335901905,2013.7805938805047,,0.9383459143026852,1818.8262718041815,,0.6878319256954368,1777.7759516219246,,1.221690055142921,1984.5212528006705,,1.1920734713892325,,1848.0856128840169,0.1184769999999997,642.7639,,2.327357335113067,1844.3150111026644,,1.2718830240036727,1833.211398495002,,1.3212635954379603,1823.7171487861283,,0.8876441697478032,1812.451608494604,,0.6614857740278701,1858.1565234262343,,0.8975694017388403,1829.9199704720163,,1.255396452636015,1776.088929527814,,1.7697352843482284,2009.8183225958064
2017-07-01,Argentina,112.0115,115.794,111.4205,111.8348,121.2281,122.8868,110.0984,110.589,113.7852,112.6183,108.3524,115.609,119.3618,113.777,116.0848,118.5735,109.9058,124.0879,,3.3189207855758296,1885.4354411164088,,1.1796061622843856,1809.6784382357623,,1.7647808301247014,1829.1329626125043,,2.291847884306386,1938.6600832791937,,2.7330855405089283,1925.8566089377464,,0.8296157478480115,1995.91271178814,,0.4652202233166091,1796.1733146598222,,2.1500569277598247,1785.076861951365,,0.9351824946359332,1968.9723047221005,,1.7322662871029015,,1848.0856128840192,0.1378519999999996,756.5491,,3.5741962649895376,1877.707554408733,,2.5503053245904628,1847.952429464509,,1.3245099114003622,1816.4074492971115,,-1.2204271814212797,1759.846724894401,,2.96717328903795,1880.712302287926,,1.140604415598245,1819.2773895687517,,2.4262631825725967,1788.205048121811,,2.0158522278373336,2015.4208343702949
2017-08-01,Argentina,114.3467,117.3256,112.8612,113.6021,123.052,125.3185,111.1513,111.7749,115.3819,114.231,107.6769,116.3997,121.1349,114.5928,119.0025,120.4902,111.0994,126.7648,,2.5134212231058717,1906.0771936259507,,1.2930295591924157,1807.7112612361689,,1.4320052780054215,1829.6515107252872,,1.485483630441231,1940.2320979992871,,1.6164657364419632,1929.905861435092,,1.978813021414827,2007.2413166901008,,1.0723489677996856,1790.3118649593184,,1.0860209379304877,1779.4923011325557,,1.5045191667608426,1970.9385166703264,,1.4032580687119325,,1848.085612884016,0.1538189999999997,871.931,,0.6839432916122545,1864.387836515221,,0.7170166202308037,1835.446504348563,,1.5802773376444534,1819.5783446399416,,-0.6234287380805559,1724.6737116475886,,1.3226937492443414,1879.2180869181811,,2.08478593715824,1831.504691383698,,0.9563263408006062,1780.3235896042197,,2.1572611028150224,2030.4068757761804
2017-09-01,Argentina,116.4048,118.1383,114.9903,115.4941,124.3454,129.9791,112.2879,116.214,117.5719,116.0978,111.7682,119.536,123.2159,116.2141,121.8977,122.8259,111.9943,129.2656,,2.4328900653347585,1916.0818666165292,,1.886476486161781,1807.5060371671875,,1.6342323887561294,1824.9145745495812,,1.717919443529481,1936.8023487632304,,1.9384979027339933,1930.6720286014845,,3.719003977864399,2043.11153162969,,3.9714640764608062,1826.7410955823884,,0.8054948991623734,1760.412603309263,,1.0511003478204328,1954.5566990778248,,1.898044667317844,,1848.0856128840155,0.1757189999999997,989.5029,,2.6944227519486885,1878.958848344747,,1.4148358361083746,1826.742667459353,,1.6654621701535532,1815.4251533145912,,3.7996079010446993,1756.8585894924147,,0.6926876998711418,1856.988724011228,,1.799877040614195,1829.74023683075,,1.0225701363816508,1765.0276340771825,,1.9727873983945263,2031.8961894876245
2017-10-01,Argentina,118.1646,121.695,116.8116,117.0803,130.9342,131.0253,113.0973,119.0242,119.3528,117.6245,114.138,121.032,125.2808,117.834,123.2121,124.5736,113.4318,130.4139,,1.0782812144938037,1907.8438825333535,,1.583872726656077,1808.7371002436696,,1.3150119985047004,1821.324226768673,,1.6758389136466878,1939.8760988481208,,1.4229083605330706,1928.9256549085435,,0.8048986337034103,2028.825229519644,,2.4181251828523154,1842.9974965399208,,1.2835474662549862,1756.4035164951074,,5.298788696646595,2027.4146166196224,,1.5147326869770827,,1848.085612884017,0.1935279999999999,1108.8557,,1.251505822513721,1874.086723550502,,1.3938928236763015,1824.5681719119725,,1.3734034898752243,1812.897711508608,,2.1202810817388285,1767.338476209657,,3.010623989002714,1884.3527647438557,,1.511793328110178,1829.6872567061243,,0.7208256633172594,1751.2240432233475,,0.8883260511690638,2019.3581743377192
2017-11-01,Argentina,119.5688,123.0467,118.602,118.5168,131.8833,131.4832,114.1215,121.0614,120.994,119.1358,115.6644,121.8725,127.1472,119.9896,124.8225,125.9672,116.8496,132.0294,,1.307014489648339,1906.5628577798457,,1.5327244896911063,1811.549745105291,,1.2848513702502506,1819.7031089097568,,1.4897733730946827,1942.070772422484,,1.1186960961230952,1924.0472256085668,,0.3494744908044689,2008.2996698675236,,1.71158470294277,1849.1150934393156,,3.0130880405671023,1784.7832506674022,,0.7248679107521028,2014.4108741728187,,1.3750829473627713,1329.8497,1848.085612884012,0.2099399999999998,1229.8497,,0.694444444444442,1861.5039907450516,,1.829353157832192,1832.744214223081,,1.2269357013946935,1810.2483839285576,,1.3373284970824797,1766.6802780539658,,1.1107276387690712,1879.438947244121,,1.1883423631104506,1826.3168341389312,,0.905591910682202,1743.1137268851578,,1.2387483236065977,2016.6424336554576
2017-12-01,Argentina,120.36,123.7178,120.0841,119.8176,134.1367,131.4716,117.436,121.4632,124.7956,121.1263,116.6315,122.7547,138.6978,122.136,127.7938,134.189,120.6253,155.5929,27.7938,2.380420196679278,1892.4856581143645,20.084100000000007,1.249641658656686,1778.313478569157,21.126299999999997,1.6707824180473008,1793.7473145837898,38.6978,9.084431273358762,2053.9619082617037,34.189,6.526937170946079,1987.19153806138,31.4716,-0.0088224198985242,1946.949832068132,21.463199999999993,0.3318976981928179,1798.7364331342887,20.625300000000003,3.231247689337402,1786.3280554748558,34.1367,1.708631797960769,1986.4170325695695,24.795599999999983,3.1419739821809234,1354.6453,1848.0856128840128,0.2479559999999996,1354.6453,22.754699999999993,0.7238712588976126,1817.862128022888,22.136,1.7888216978804827,1808.6998613348692,19.81759999999999,1.097565914705756,1774.3669066080174,16.6315,0.8361258952624961,1727.184268989305,23.71779999999999,0.5454026804457168,1832.1245800145336,20.36,0.6617110818206706,1782.3992541942168,17.436000000000007,2.9043607032855467,1739.0980293748094,55.592899999999986,17.847161314070938,2304.159761697535
2018-01-01,Argentina,122.8752,126.558,122.0571,122.7189,136.6524,132.3079,118.6538,124.7001,126.9887,122.9418,115.7454,127.0012,141.6541,125.7038,130.037,137.0514,123.2423,157.216,27.051170443409433,1.7553277232541742,1891.655190107913,20.621344140693346,1.6430151868565446,1775.571158243581,21.120272225993286,1.4988487223666525,1788.440936435084,39.12440101632026,2.131468559703187,2060.6497647982137,33.79287454056454,2.133110761686874,1993.6940418615904,31.264087972443132,0.6361069615034687,1924.6900937985245,22.619371878592176,2.6649223797825305,1814.019020524741,20.736415692306178,2.169528283038469,1792.8123259982654,32.60580136552951,1.8754747954884856,1987.8897675331064,25.006226257777907,1.7573536246470178,1380.0481,1847.3114070615031,0.0175735362464701,126.9887,23.074388558647783,3.459338013126989,1847.493245229689,21.923914793569743,2.9211698434532085,1828.6198980773709,20.389956295464252,2.4214305744731934,1785.1983982199986,16.906751671100718,-0.7597432940500637,1683.7545209526245,25.398067872182327,2.2957084590899735,1841.045991138501,21.295448084152003,2.0897308075772836,1787.4721026749912,17.621903044589814,1.0369903607071018,1726.063171220701,54.925580221998,1.0431709930209143,2287.029555957194
2018-02-01,Argentina,125.5566,128.7394,124.237,124.8704,149.113,134.8324,120.7253,123.8509,130.0606,125.5123,115.036,128.2519,148.4773,128.3425,133.0853,141.8872,128.7666,163.1754,26.64514127584092,2.344178964448562,1890.6239972210265,20.9705531245314,1.7859673873949156,1764.9241016306737,21.60807282204815,2.0908267163812333,1783.0411497468513,40.16336957055309,4.816803749414955,2109.2843944641936,34.435952875900355,3.528457206566294,2015.6647294517068,29.67047762663877,1.9080493303876844,1915.44348656767,21.025558340540073,-0.6809938404219507,1759.4391237606378,23.819157907490407,4.482470710137676,1829.272083397348,39.03128537249862,9.118464073810628,2118.315216613848,25.437113435867364,2.419034134533238,1406.4228,1847.6547857123592,0.0421889874322491,257.0493,23.561386217786605,0.984793844467613,1821.9602001813223,22.36077133263292,2.099140996533122,1823.2472734655112,20.30471573320898,1.7531936808429682,1773.9222497344822,16.37159681666487,-0.6128969272212959,1634.213712140394,22.32992365034039,1.723636593498612,1828.885677289953,21.70995681486616,2.1822141489902025,1783.670480282056,19.14331506259883,1.7458353630477983,1715.0365160668202,52.498378525888434,3.7905811113372545,2318.087174136737
2018-03-01,Argentina,128.469,129.6226,126.9088,127.1891,153.2069,153.4357,126.1821,125.8663,133.1054,128.746,120.0687,129.8108,151.4854,130.5949,134.821,145.6943,131.0603,164.1018,25.83370511339136,1.304201140171002,1872.2204662259312,20.88659261566539,2.1505670613424455,1762.346019567971,22.375498665946814,2.576400878638996,1787.8586877765613,37.706864280669095,2.025966258815304,2103.634198043492,34.12853090830754,2.683187771694695,2023.214857273427,33.02800654407933,13.79735137845206,2130.7174534360533,20.1165604828089,1.6272792527143531,1747.8691217846842,24.561076700973334,1.7812848984130936,1819.9967065198332,38.4066605657253,2.7455017335845877,2127.540173615606,25.396523331662713,2.3410625508416993,1433.3806,1848.3964222575792,0.0665872835260219,390.1547,23.03011807254951,1.2154985618146652,1802.6452592486417,23.25308357093039,1.7549915265792748,1813.5338305214236,20.372068636887164,1.8568852185946392,1766.238465082269,17.42085961566673,4.37489133836364,1667.3595173833564,20.815061221864852,0.6860370640223712,1800.031779955774,21.18082183252636,2.3195913237535892,1784.0120684135195,23.491588755777855,4.520013617692409,1752.2545455928016,48.044454348047694,0.5677326361694268,2278.834517653144
2018-04-01,Argentina,129.9559,131.2858,129.6896,129.3332,154.7928,154.6926,127.7561,126.9623,136.7512,131.4884,124.9254,132.3056,159.451,133.5827,137.2231,151.1036,136.3269,177.2462,25.832722004181473,1.7816957298937064,1855.479784154693,20.650579252948376,2.1911798078620315,1753.6145956118796,22.397907416198915,2.130085594892273,1777.937301014523,39.30121810266727,5.258328525389233,2156.0371909922596,34.805121580438644,3.712773938307823,2043.1667489875765,30.346154267460857,0.8191705059513499,2091.695873787491,17.354813484467122,0.8707652485216544,1716.737058117645,28.771368712181467,4.018455626913697,1843.3617006646723,30.882415112717982,1.035136145956872,2093.050740966358,25.498156776336263,2.739032375846518,1461.1651000000002,1849.098927650631,0.0958014545384615,526.9059,22.179260694388404,1.9218739889131031,1788.987175850547,23.711167397515265,2.2878381927625036,1806.255647648254,20.2605068427679,1.685757663195986,1748.7954872032171,16.883138754834825,4.0449342751274875,1689.1948529616277,19.531328243218393,1.2831095811995707,1775.1978190740203,19.939179429910993,1.1573998396500418,1757.215405289845,23.657233675362743,1.2474035540698702,1727.4705268460295,50.962432757463525,8.009906046125014,2396.6572750378
2018-05-01,Argentina,134.2019,133.4078,133.2216,131.8763,160.8721,156.0746,130.576,130.1734,139.5893,134.9794,127.3628,135.6359,160.024,136.7886,140.2549,152.736,138.9243,175.9498,26.66890041688643,2.209394773911977,1857.467833042901,22.210663628407712,2.723425779707833,1764.3222209456364,23.5996992864004,2.654987055892377,1787.6016711247237,38.362158783079806,0.359358047299807,2119.2801999420853,34.29335874956367,1.080318404061842,2022.761464645018,29.31858480404341,0.8933846867917428,2066.9762628973217,19.366439989142936,2.5291759837368977,1723.953339368726,30.00893713590529,1.9052732806218,1839.846012353236,35.57936307944103,3.927379051222024,2130.512024778178,26.290756997415187,2.0753748413176565,1490.2243,1848.652949643652,0.1185434422367457,666.4952000000001,24.344430917264994,2.5171270150318614,1796.2960385399983,24.85940736129455,2.3999365187258537,1811.5618379605432,21.06117855280647,1.9663164601200431,1746.5057205895516,17.141070213196464,1.9510844071741973,1686.7311168898657,19.414562712252813,1.6163210339579903,1766.788163386953,22.26504171256096,3.267262202023913,1777.304838428034,23.001911307422816,2.207252726092923,1729.2851783959766,47.21282589543067,-0.7314120133463997,2330.1937667085563
2018-06-01,Argentina,141.151,134.6168,138.9729,136.0669,161.4822,157.9789,135.829,134.5438,144.8053,140.4784,129.8016,140.1805,164.7325,140.423,146.2916,156.6875,147.1719,180.6206,30.20387020518744,4.304092049546937,1868.2882915793564,26.199606797945908,4.317092723702465,1774.8212605291676,26.939880884071155,4.073954988687167,1794.0479832047874,41.1740760578468,2.942371144328338,2103.796807148164,35.75537823062061,2.5871438298763927,2001.05420739701,29.622968319361465,1.22012165977039,2017.5466615074688,22.22709760176751,3.3573679415303204,1718.2572768675348,36.78639310360852,5.936758364087491,1879.530592457037,34.45096744595766,0.3792453756742198,2062.287264330119,29.466497746489196,3.736676091935398,1523.1819,1849.306771876418,0.1603397876207175,811.3005,25.587822916246704,3.3505878605885275,1790.243505831777,26.5670700105906,2.656946558412021,1793.3404704606962,23.279265109460745,3.177674836191202,1737.7087689347793,18.33375725104407,1.914844836953966,1657.694696812852,19.704918849126617,0.9062438628026248,1719.189559003251,27.45206924169492,5.17809360374184,1802.6377498415343,26.363842724559603,4.02294449209657,1734.6705508513985,48.49283805192381,2.6546208066164256,2306.703544140869
2018-07-01,Argentina,146.7848,138.1218,144.1465,141.4245,162.4498,160.7826,141.5414,139.6235,149.2966,144.964,129.6084,147.2814,168.9885,144.436,150.399,159.953,154.8231,182.4306,29.559597811255212,2.8076800034998683,1862.9911235206152,29.37161473875991,3.722740188914519,1785.541459627819,28.721531047795956,3.1930887595530644,1795.6678251188002,41.57670209396975,2.5835824746179403,2093.259100639389,34.89776383424628,2.0840845632229765,1981.3364396072643,30.837974461048724,1.7747306760586223,1991.6126876945036,26.254419517311867,3.775499131137971,1729.5150974067687,40.868907737353275,5.19881852446018,1917.7924122896068,34.00341999915861,0.5991991687009479,2012.2642798003928,31.20915549649692,3.1016129934470893,1558.6933,1849.3357041722877,0.1963290372416981,960.5971,27.39613697895493,5.065540499570198,1824.3734390500545,26.946570923824687,2.8577939511333694,1789.1274936457262,26.458401141683986,3.9374748744918753,1751.824068965493,19.617470402132287,-0.1488425412321747,1605.458139573463,19.282346235556247,2.603686909806191,1710.9135523819289,31.044401690897793,3.991328435505226,1818.222059107765,28.558998132579603,4.205582018567466,1753.2721082632252,47.017235362996715,1.0021005355978163,2259.7662780905453
2018-08-01,Argentina,152.6743,139.9915,148.6981,148.3437,182.6004,163.8623,145.9741,142.3224,155.1034,149.8236,130.051,152.1489,179.4614,147.9425,156.5273,167.999,161.083,193.6678,31.532782924728476,4.074694645576105,1866.1235063313543,31.753073686971263,3.157620892633539,1772.7835320535803,31.15844210415737,3.352280566209531,1786.2017792626991,48.15003768525834,6.197403965358594,2139.5445843577045,39.429596763886174,5.030227629366113,2002.8894827941272,30.756671999744658,1.915443586557264,1953.5716123099312,27.32948094786931,1.9329840607061,1696.7722315372048,44.98998194409691,4.043259694451273,1920.4367082954443,48.39287455709782,12.404201174762909,2176.96784334431,34.42611016112578,3.8894388753662135,1598.4148,1849.1477247222344,0.2428595238934712,1115.7005,30.712450289820342,3.3048979708232062,1813.924080671286,29.102788307816898,2.4277188512559222,1763.7752445447304,30.58182903309008,4.89250448118963,1768.5583638519706,20.77892287017919,0.3414902120541629,1550.4722059468152,19.318801693748,1.3536603200942965,1668.9831667484573,33.518763549800724,4.012336427204999,1820.1879163742367,31.329188232616257,3.1317338955245466,1740.3079164181822,52.77726939970717,6.159712241257775,2308.9137422001113
2018-09-01,Argentina,163.3911,146.1856,161.5813,160.1018,186.4637,166.5346,160.1563,147.9747,165.2383,161.272,142.776,162.4851,187.9015,156.4246,163.6215,173.0112,177.8431,198.1079,34.22853753598303,4.532244534978891,1831.643931420669,40.51733059223255,8.663997724247974,1808.8051238746896,38.91047031037624,7.641252779935859,1805.342697066548,52.49777017414148,4.703016916172498,2103.4438761399992,40.858890510877586,2.983470139703215,1936.755955346991,28.12413688046773,1.6308205121007058,1864.2543275887865,27.32949558572979,3.971476029072041,1656.487449747094,58.796563753691046,10.404636119267696,1990.8461593374905,49.95625089468527,2.11571278047582,2087.3485729885388,40.54234047421197,6.534286160071301,1646.0812,1849.743031528668,0.3240715217523704,1280.9388,35.92984540222191,6.793476653462482,1818.9226193457496,34.60036260660282,5.733376142758173,1751.078979931767,38.62335824946901,7.926255041501573,1792.243014393131,27.742953720288966,9.784622955609734,1598.2911411551506,23.74107296279022,4.424625780850966,1636.4595551384712,40.36457259494455,7.019387021915291,1829.0647424889007,42.63006076344824,9.715559130010051,1792.8531089972166,53.256473493334646,2.2926371859441685,2217.6983636104837
2018-10-01,Argentina,173.0007,149.5775,171.0262,170.0438,187.8155,170.0009,167.0385,157.1936,174.1473,168.5933,149.9773,166.9487,201.8885,161.2576,172.5763,180.9641,191.3913,215.507,40.064409258506274,5.472874897247615,1832.910353273569,46.4120001780645,5.845292741177355,1816.4469435318529,43.33178887051592,4.539721712386524,1790.6074302355353,61.14879534613444,7.443793689778944,2144.2314029033587,45.26681415645049,4.596754429771011,1921.9960820856252,29.746621454024535,2.0814293245968063,1805.5573660799585,32.06860453588432,6.230051488531485,1669.5327047128958,68.72808154327095,7.61806333785231,2032.742012063578,43.44266051192125,0.7249668434124112,1994.763907067494,45.90968959253574,5.391607151610733,1700.8757,1849.5957391868883,0.3954602566116123,1455.0861,37.937652852138285,2.7470826555788808,1773.140348330351,36.85150296179371,3.0896674819689496,1712.6959181767593,45.23690151118507,6.20979901537646,1806.0130013795645,31.399971963763164,5.043774864122819,1592.88932446701,22.911787665886017,2.3202695751154634,1588.6431008590243,46.40653799868997,5.881348494501837,1837.41785027014,47.694507295930144,4.297177195027624,1774.0941024073818,65.24848961652093,8.78263814820106,2288.8717135720667
2018-11-01,Argentina,178.8975,156.5108,177.3628,177.5239,193.5208,171.9664,172.9721,161.9369,179.6388,174.1546,153.444,171.6321,207.5084,165.4071,182.333,184.8322,196.5066,220.0981,46.07382483126039,5.6535572961061265,1876.4873936842648,49.544527073742415,3.705046361317743,1825.336380734938,46.18158437682038,3.298648285548711,1792.3190615638723,63.20327934866046,2.7836652409622076,2135.581034061809,46.73041871217269,2.137495779549647,1902.2080108753144,30.78963700305437,1.1561703496863809,1769.799113365467,33.76427168362501,3.017489261649331,1666.580111237732,68.17053716914734,2.672692018916223,2022.3555674274885,46.73639497950084,3.037715204549163,1991.62708679007,48.46918028993174,3.15336499618426,1759.5205,1848.759926160206,0.439464211879266,1634.7249,40.82922726620033,2.8052928833827373,1766.358651486879,37.851197103749,2.5732120532613756,1702.2938139331472,49.78796255045697,4.398925453324365,1826.994347856208,32.66311847033312,2.3114831377815115,1579.1750897341033,27.19625963150576,4.635255970984953,1610.7371851252333,49.6188805106349,3.4085411215099226,1841.1308074327233,51.5683723049557,3.552234963795775,1780.1493153137062,66.70385535342885,2.1303716352601088,2265.14843733092
2018-12-01,Argentina,181.9359,158.6722,180.7733,183.608,208.333,173.7237,176.1826,164.2686,184.2552,178.9326,155.1797,176.0803,212.85,169.794,191.9052,191.667,201.2271,226.6993,50.16784851847274,5.249845063702141,1924.951339661392,50.538913977787224,1.9228947671101393,1813.2901349729489,47.72398727609115,2.7435393610045544,1794.8265501877804,53.46314072753857,2.574160853247376,2135.043201783627,42.83361527397924,3.697840527786833,1922.5620171776484,32.1378153152468,1.021885670689171,1742.577423883948,35.24145584835572,1.439881830515466,1647.735765546225,66.81997889331674,2.402209391440291,2018.4569033104729,55.31394465496766,7.654060958821995,2089.734345112466,47.64559006888065,2.569823445714392,1818.9801,1848.2161717325937,0.4764559006888071,1818.9801,43.440780678866055,2.5917063299930376,1766.21586790238,39.02043623501672,2.6521836124326015,1703.1596213467194,53.239590844750694,3.4272005065233424,1841.7242762184085,33.05127688488958,1.1311618570944535,1556.567364528178,28.253331371880197,1.3809909603682335,1591.5997271414235,51.1597706879362,1.6984027166394131,1824.9518743499452,50.02435369052078,1.856079679902134,1767.242012697036,45.70028580995664,2.999208080396887,2273.9619418092884
2019-01-01,Argentina,188.0357,164.1486,185.5353,190.2864,223.7092,174.7196,180.8936,166.073,189.6101,184.3056,154.3105,182.2543,220.132,176.1325,197.4877,198.4457,206.205,233.7201,51.870390734944664,2.9089883963540286,1925.119485682796,52.006970508065486,2.6342385739486884,1808.6069224159444,49.9128856092883,3.0028066433953393,1796.619748371464,55.40107910748788,3.421188630490968,2145.8571983081747,44.79655078313682,3.536706892683661,1934.4581152140736,32.055304331789735,0.5732666297114442,1703.174964773522,33.17792046678392,1.0984448640823707,1618.8874970228476,67.31674108646139,2.47377217084579,2010.09614039366,63.706747923929626,7.380587808940509,2180.7279139232965,49.31257663083408,2.9062409093474573,1881.6015,1848.3282664807152,0.0290624090934745,189.6101,43.505966872753966,3.5063547710902476,1776.6235784784471,40.117084765933875,3.733052993627562,1716.9479811250274,55.05875623070284,3.637314278244941,1854.920871023516,33.31890511415572,-0.5601248101394729,1504.2260879814546,29.702270895557746,3.451392241362994,1600.1283543610616,53.02982212846854,3.352719281900929,1832.9809404535297,52.45495719479696,2.6739303427239625,1763.3594102078737,48.66177742723386,3.096965892704562,2278.314642915643
2019-02-01,Argentina,198.7818,168.0165,192.3845,196.1795,226.1415,177.646,185.932,169.2729,196.7501,191.4115,155.7973,186.2753,229.4204,182.5376,203.7521,206.0277,210.7001,248.6768,53.09887718628581,3.1720456514507056,1913.473174001576,54.85282162318794,3.691588608744522,1806.717966802336,52.50417688146898,3.855498693474302,1797.580346143194,54.51547138855568,4.21946831900859,2154.5288660519877,45.20527574016542,3.8206925118559054,1934.8437491012096,31.75319878604843,1.674912259414496,1668.30602221368,36.67474358280805,1.9268032732593363,1589.6727112773383,63.629466026127865,2.17991804272446,1978.723110630268,51.65780314258315,1.087259710374,2123.7361174607645,51.275713013779736,3.765622189957196,1948.291,1847.7161135130757,0.0678130115188064,386.3602,45.24174690589378,2.2062579593458143,1749.3453541293354,42.226931842530725,3.6365236398733902,1714.243930966258,57.10648800676541,3.096963314246315,1842.3575047277657,35.433516464411156,0.963511880267398,1463.1208911803892,30.50899724559848,2.3563405353442146,1577.873629472461,58.32047060847459,5.714925410440674,1866.7961791792404,54.0124563782405,2.7852837247973383,1746.121361146516,52.39846202307454,6.399406811823205,2335.3692344596943
2019-03-01,Argentina,210.628,174.827,202.0032,202.2281,236.0623,209.4616,192.9944,177.3407,205.9571,200.1771,166.0308,189.9687,240.6717,190.4396,210.369,214.5221,219.4872,255.6783,56.035780775991874,3.247524810787228,1886.928070749791,59.17194079527977,4.999727108992658,1811.890100068376,55.482189737933595,4.579453167651892,1795.5106936444436,58.87451860047239,4.904228220332629,2158.7314982961957,47.24124416672444,4.122940750200077,1924.1797616863405,36.51425320182984,17.909550454274246,1878.7890458392844,40.89609371213741,4.766149808977116,1590.6770717948816,67.47039339906897,4.170429914366447,1968.7147766556552,54.080723518327176,4.386987793041075,2117.386973916111,54.73233993511908,4.679540188289599,2021.1427,1847.3550445180697,0.1177817505286145,592.3172999999999,46.34275422383962,1.9827642204844231,1703.945317959613,45.82468381230815,4.328971127044512,1708.1691077219643,58.99798017282929,3.083196766226859,1813.9073655547909,38.279834794580104,6.568470698786166,1489.2316697281651,34.87385687372417,4.053470938866122,1568.130160931381,63.952393184347976,5.959398697466267,1889.2511999671383,52.949110848527646,3.7983779015984487,1731.084669592542,55.80468952808562,2.8155018883949,2293.3348608948386
2019-04-01,Argentina,215.9985,176.6323,209.6065,208.235,244.3102,212.6984,201.8547,180.1891,213.0517,207.7179,176.3303,195.9999,248.5813,198.2112,217.7389,220.6468,229.0584,263.2012,58.67510645073608,3.5033203561361193,1888.813545413943,61.621672053888666,3.763950274055072,1818.2676426068456,57.974315605026725,3.7670642645937,1801.884657013234,55.89823833027074,3.2864686624975104,2156.3612499953247,46.02352293393408,2.8550438393060817,1914.038624206521,37.49746270991632,1.545295175822203,1845.0888610527245,41.92331109313552,1.6061738788670563,1563.0813456665187,68.02142497188743,4.360709872830859,1987.0064954440625,57.830467566966945,3.4939505376335056,2119.3108582930727,55.79512282159131,3.444697949233122,2097.4432,1848.153622680503,0.1562859555659757,805.369,48.141802009892245,3.174838802392177,1700.234850179634,48.38089063928188,4.080873935883078,1719.4171524369424,61.00660928516422,2.970358718694377,1806.370329919332,41.148477411319085,6.203367086106915,1529.6075212417452,34.54029300960195,1.0326208194386457,1532.2272721944455,66.20907554024093,2.549755967867529,1873.7161462150016,58.00004852997234,4.590962224810657,1751.0233199739132,48.49469269298863,2.942330264242199,2283.1840875893295
2019-05-01,Argentina,221.2588,180.4588,216.1589,214.0404,249.1176,219.6863,208.3447,181.3032,219.5691,214.3182,182.2453,200.6997,257.831,202.6055,228.7921,227.1999,237.057,273.6695,63.12592287328287,5.076355212596373,1925.0207859192856,62.255144811351904,3.1260480948825498,1818.7270258083577,58.77845063765286,3.177530679830687,1803.2396651842728,61.12020696895466,3.72099590757633,2169.349528477406,48.75333909490889,2.96995016469761,1911.6242652555889,40.757240447837106,3.28535616628991,1848.4060152500897,39.27822427623464,0.6182948913113995,1525.4566418756656,70.63753425426653,3.491947904988413,1994.560356094761,54.854446482640576,1.9677442857481964,2096.0363497617545,57.29651198193557,3.0590696999836187,2177.423,1847.4199128623336,0.1916575488778604,1024.9381,47.96945351488804,2.3978583662542796,1688.655745665016,48.11577865406913,2.216978657109192,1704.6908474618217,62.30391662489774,2.7879078925252765,1800.9022996269466,43.09146783833269,3.354500049055664,1533.3833232707598,35.26855251342125,2.1663648154952364,1518.351992931798,64.87009498375211,2.435340986164247,1861.6367832086776,59.558188334762896,3.215183991257065,1752.979574627436,55.538397883941904,3.9772994955950214,2302.6121792323165
2019-06-01,Argentina,226.9033,185.3625,222.0468,218.5697,266.8665,223.5381,215.4878,185.7752,225.537,220.1725,185.7061,208.1341,265.016,207.737,236.9165,233.4205,240.7657,281.0736,61.94812279037212,3.5509967345900506,1940.9719680306407,59.77705005796092,2.7238758154302323,1819.1498455823296,56.73050091686696,2.7315925572350075,1803.794377475719,60.876572625316825,2.786709123418052,2171.1811000061552,48.971998404467485,2.737941345924888,1912.330493079613,41.498706472826406,1.7533182542561754,1831.3675319651863,38.07786014665857,2.466586359203804,1521.9896273804732,63.59488462131699,1.5644760542823155,1972.507083986446,65.2606293449061,7.124707367122984,2186.341583243248,55.75189582149274,2.718005402399526,2258.1547,1847.7438032122143,0.2240468654344625,1250.4751,48.47578657516558,3.70424071386255,1705.1680811226156,47.93659158399976,2.532754540227189,1701.9147831526348,60.63399695296947,2.1160958398507956,1790.663211557096,43.0691917511032,1.8989790134505524,1521.423515847545,37.696409363467254,2.717351550603242,1518.6085242019008,60.752173204582306,2.551084973795392,1858.9374093980236,58.646386265083294,3.4285009409886547,1765.4143094828476,55.61547243226963,2.7054896508379445,2302.7352613830485
2019-07-01,Argentina,232.0295,186.9476,226.5037,224.4509,267.4442,228.213,220.9243,192.5377,230.494,224.9011,186.345,216.1836,269.7964,213.878,246.6508,239.3509,243.5064,287.2242,63.99763296298513,4.108747174637473,1977.222699537774,57.13437371007968,2.007189475371862,1815.7178374012735,55.142725090367286,2.1476796602663883,1802.870941716041,59.65370424614693,1.803815618679616,2162.7643872777753,49.63826874144279,2.540650885419238,1918.7046327633875,41.93886651913825,2.0913213452203427,1829.4200705191872,37.897775088004515,3.640152183929812,1543.4367573784234,57.28040583091283,1.1383265971855572,1952.016298194553,64.63190474842075,0.2164752788379464,2143.9084855987508,54.38663707010072,2.197865538692101,2339.3521,1847.705212824202,0.2509497696672873,1480.9691,46.7826894638427,3.86745852793946,1732.9889916748468,48.07804148550221,2.956141659887268,1714.5066487995985,58.70722541002442,2.6907663779563107,1799.2620109550949,43.77540344607296,0.3440382410701659,1493.794319521228,35.349814439139934,0.8551352080383046,1498.6249318636224,58.074609905112816,2.2592002848790704,1860.0142158971305,56.08458020056322,2.5228806456792485,1770.991786118241,57.44299476074737,2.188252471950402,2302.470570120094
2019-08-01,Argentina,242.5051,195.1481,237.6064,234.3934,270.5675,233.9485,234.3379,199.9586,239.6077,235.3317,192.1506,225.1959,275.5073,221.5727,259.4603,244.7381,253.1342,293.329,65.76041367863627,5.193374600852718,1999.910847132556,59.79114729777986,4.90177423150262,1831.4617562228864,57.07251728032168,4.637860819711426,1813.9284487998532,53.51897399663659,2.1167443301689737,2123.600557519602,45.67830760897387,2.250754018472456,1886.4326484499256,42.77140013291647,2.513222296714046,1803.2667919538776,40.49692810126868,3.8542581530785824,1541.273840805086,57.145198438072285,3.953818051599467,1951.1494913103152,48.17464802924856,1.1678323927009735,2085.52475323407,54.48255808705677,3.953985787048686,2423.8564,1846.8877060825232,0.3004121457630502,1720.5768,48.01020579182629,4.168817616137388,1735.8020596591398,49.769471247275135,3.5977052338248994,1707.874561767051,58.00697973692175,4.429699323994707,1806.6960654723673,47.75019030995533,3.1155115511551257,1481.090052015776,39.39996356921669,4.386523282459898,1504.1946763620822,58.83819346150598,4.514770751132935,1869.220763157081,60.53388923103482,6.071581985322583,1806.2682734285904,51.459870974937495,2.125447646820855,2260.969592953317
2019-09-01,Argentina,256.3757,206.218,254.5303,253.668,288.7594,236.3192,251.7058,217.0323,253.7102,250.4818,210.4983,242.2378,284.7479,233.2019,281.0982,253.5732,265.0598,299.168,71.79783830364592,8.339580274901405,2045.9820752177816,57.52460216621602,7.12266167914668,1852.6067808324797,55.31635993848902,6.437764228108667,1823.1396464590855,51.5410467718459,3.354030909525818,2072.546531268807,46.56461546998114,3.6100223054767566,1845.640498429423,41.90396470162956,1.0133426801197665,1720.0567176517172,46.66851833455312,8.538617493821231,1579.6764103907035,49.041374110100435,4.711176917224136,1929.2460772100644,54.860919310300105,6.72360871131974,2101.7443599803964,53.54200569722636,5.885662272122305,2512.3283,1846.6376572312392,0.3769500128083221,1974.287,49.0830851567313,7.567588930349078,1763.1354335964795,49.082625111395515,5.248480521291654,1697.3673517181169,58.44169147379981,8.22318375858706,1846.3305032061544,47.432551689359535,9.548604063687538,1532.1184862223065,41.065877897686235,5.672563555576504,1500.964188270364,56.90921965761906,5.719714760638017,1866.038582678265,57.16259678826248,7.411477187428939,1832.048568892835,51.01265522475378,1.990597588373455,2177.5036819117067
2019-10-01,Argentina,262.6603,218.9538,263.3998,263.4181,290.1029,240.0651,272.1918,223.1837,262.0661,260.0118,220.4635,247.0628,290.513,239.127,294.2595,260.9456,274.3506,304.8007,70.5097976952803,4.68210041899948,2073.3562541473502,54.01137369596005,3.4846538899298007,1855.9184076339463,54.224278188990894,3.80466764451548,1832.0465156846592,43.89774553775969,2.0246330174866767,2046.958366547585,44.19744026577648,2.9074050412267516,1838.6260825979543,41.2140171022624,1.5851018453007626,1691.5018087351775,41.980144229790504,2.8343246604307204,1572.5552453489045,43.34538717277117,3.5051712858758632,1933.077886488212,54.46163921508076,0.4652662389518669,2044.0687966277496,50.485307552858984,3.2934820909841234,2600.2471,1846.5211401331303,0.4222996148819677,2236.3531,47.987255965455255,1.991844377714802,1740.807693709654,48.288824836782894,2.5407597450964214,1684.8919439661029,54.91191093118359,3.8436460255136584,1856.0473496713344,46.99791235073574,4.734099990356211,1553.388680862349,46.381507913957655,6.17589153226199,1542.7513150784532,51.82614868032327,2.451324364984675,1850.7078810411192,62.95153512513583,8.138866883480622,1917.866953684162,41.434245755358305,1.882788266124713,2147.6296860882667
2019-11-01,Argentina,276.6339,231.1972,277.0656,276.2862,311.5568,250.6401,273.7052,239.5597,273.2158,270.3554,230.249,255.3408,301.6025,247.0036,312.847,267.232,286.9334,309.4466,71.58002117005697,6.316703453924166,2113.4458487681964,56.21404262900678,5.188234767072708,1871.7236929120932,55.238736157414145,3.978127146537181,1826.392766502684,45.344718575248045,3.817212999074071,2037.4833436251904,44.5808684850367,2.4090844988380766,1805.2925585286823,45.749460359698176,4.40505512879632,1693.205556965052,47.93397922277131,7.337453407215677,1618.3516335370148,46.01718212009165,4.586394197789256,1938.385866263523,60.993960339147016,7.395272505031847,2104.7298699220487,52.09175300658877,4.254537309480311,2693.8241000000003,1845.7162713015684,0.4828118826497158,2509.5689,48.77217024088149,3.3505651194756902,1724.9612551219934,49.330711922281445,3.293898221447189,1668.6390889182255,55.63324149593378,4.885047762473427,1866.4584364303944,50.05409139490629,4.438603215498249,1555.4529633751592,47.719646184161114,5.591773241661024,1561.8585525411158,54.63262482706577,5.320027427060725,1868.8073326052552,58.236617350428176,0.556004993537651,1849.022425422871,40.59485293148827,1.5242419062685864,2090.4743602637473
2019-12-01,Argentina,285.297,238.3667,286.3123,286.2711,341.3832,255.5638,288.4718,244.6754,283.4442,280.3107,235.763,261.4482,315.4936,255.1194,330.324,279.178,301.1997,316.0254,72.1287385646663,5.5864368205544634,2151.8921560716135,58.381962380506415,3.337368478800684,1865.17840834097,56.65714352778644,3.6823011487841617,1826.0810494936584,48.223443739722825,4.605764209514174,2055.2796742918927,45.65783363855018,4.470273021195048,1818.7020874891343,47.10934662340256,1.9644502216524808,1664.8676347944884,48.948368708322846,2.1354593447896253,1593.9352697463232,49.68147928385391,4.971990015801575,1962.1622160095033,63.86419818271709,9.573342645706973,2223.9371958883607,53.83240201633388,3.743707355138337,2793.0131,1846.494201644427,0.5383240201633386,2793.0131,48.48236855571009,2.391862170087977,1703.2014954984877,50.252305735184976,3.2857010990932967,1661.972595759607,55.914284780619575,3.6139698616868943,1864.9100113827408,51.929021643939265,2.3947986744784933,1535.8755355103226,50.22587447580609,3.1010323654438787,1552.8373112419183,56.811822185725866,3.1316118523434966,1858.5642473776145,63.73455721507115,5.395074700809488,1879.2464479355397,39.40290067062404,2.1259887812630662,2058.74407968962
2020-01-01,Argentina,298.6501,248.7265,293.7136,295.0698,341.8435,256.9216,284.7446,253.5739,289.8299,287.1529,238.2562,274.5141,319.0685,265.7678,323.7294,283.5081,305.6389,318.0346,63.92382918024768,-1.9964035310785833,2061.516818262756,58.3060474206256,2.5850443728753447,1870.3754621992928,55.80259091422073,2.440934291841157,1828.5967624902876,44.94416986171932,1.1331133183050124,2031.8360918961023,42.86432006337251,1.5510176303290324,1805.3865860305527,47.04795569586926,0.5312959034104336,1636.0830971020132,52.68821542333792,3.6368592837694447,1614.7648607833526,48.22089668048783,1.4738394493752691,1946.3160672627464,52.807081693555745,0.1348338172470153,2176.8678546459,52.85572867690067,2.2528949260559816,2893.2329000000004,1845.6439646365536,0.0225289492605598,289.8299,50.62146681861552,4.997510023017937,1748.1125717968894,50.8908350247683,4.173888775216628,1692.4159172836712,55.06615291476427,3.0735551021392027,1879.0117773097768,54.40051065870437,1.0575026615711636,1517.2213686967411,51.52520338278852,4.346160768261664,1583.8964978084514,58.826276074171034,4.68042075451196,1901.811216175775,57.409991287696194,-1.2920500374733246,1813.2606485833576,36.07498884349272,0.6357716816433268,2025.252191149362
2020-02-01,Argentina,306.6182,251.9682,300.0495,302.2693,349.775,260.6158,290.661,259.9507,295.666,293.9922,243.9437,280.5764,321.3104,273.9206,325.1671,288.3802,310.5997,319.9809,59.589569874371826,0.4441054782172937,2030.0707131245415,55.96344819878942,2.157169433080397,1873.2574803467576,53.59171209671312,2.381762468705717,1835.4407783169113,40.05310774455977,0.7026390884716127,2005.992712246509,39.97156693007784,1.7185046917530755,1800.4041560938913,46.70513267959875,1.4378705410521997,1627.0665235121355,53.56900011756165,2.5147698560459064,1622.9141968121123,47.41317161216345,1.6230918250262016,1939.1240825879024,54.670858732253905,2.3202137820376834,2183.7018064962185,50.27489185520109,2.0136293736429556,2992.1488,1845.890582001318,0.043118892536873,585.4959,50.6245862978076,2.208374724649853,1751.6837725400776,50.0625624528864,3.067640248367165,1710.1305383647432,54.077923534314245,2.4399311620504793,1887.1160501989775,56.57761719875762,2.387136200443063,1522.979911009568,49.96634259135262,1.3033191075337849,1573.07816030191,54.24862839555733,2.6680386177670767,1914.2669351572265,56.32650646472905,2.077791817649932,1814.6435587963615,28.673402585202968,0.6119774389327537,1997.6924290594984
2020-03-01,Argentina,318.6777,259.1936,309.7355,308.4361,378.653,306.0975,299.0795,272.7059,305.5515,303.1665,254.1219,287.5823,331.8502,279.826,333.8163,298.5626,315.6444,324.3739,58.681317114213606,2.6599246971787727,2017.4918348433068,53.33197691917753,3.228134024552598,1871.9542521174344,51.44914178494942,3.120592995324345,1832.2530635802484,37.88501099215238,3.280254856363185,2005.6092793884488,39.17568399712663,3.530894284697772,1804.4283867791603,46.1353775584642,17.451628028692067,1849.9672032670337,53.7751345291859,4.9067765541696895,1648.1577639066616,43.809935157949994,1.6241805771222584,1907.665981900868,60.403842544955296,8.256164677292555,2288.4722397885384,48.3568665513352,3.343468643672254,3091.7432,1846.6673328238453,0.0779952456250647,891.0473999999999,51.38404379247736,2.4969669580192866,1738.066541674143,46.93687657398986,2.1558802076222294,1691.1896458527135,52.518913049175666,2.040167493026912,1864.101043960147,53.05708338452866,4.172356162507995,1535.8412944630545,48.25719139492184,2.8675840840233,1566.493222900266,51.29883016503032,3.9330672478020023,1925.9983940168436,54.96796798249066,2.896329400917219,1807.5523850064203,26.8679821478788,1.3728944446371516,1960.424624819936
2020-04-01,Argentina,328.7785,262.827,316.9003,308.9516,363.1467,301.6002,302.7645,285.8904,310.1243,308.3681,257.9206,294.2192,329.6516,284.0325,337.7523,298.0086,319.8688,324.3903,55.11803357140135,1.1790916141602326,2011.1132136791175,51.188202655929096,2.3131994879502127,1886.952008169527,48.45523664546967,1.7157568530824063,1836.1478532851547,32.6131933496204,-0.6625278514221122,1962.8783835682627,35.06137410558412,-0.1855557260018403,1774.4632183112142,41.79711742072343,-1.4692377428760617,1795.849051119014,58.66131747147858,4.834695545640932,1702.3065752742718,39.64508614397029,1.338341500752116,1904.6276526427296,48.64164492518117,-4.095121390824852,2162.3216981023265,45.56293143870713,1.496572590872569,3188.8158,1846.6049753413577,0.0941282270019989,1201.1717,50.11191332240477,2.3078263161536716,1751.899604645473,43.29790647551703,1.5032555945480477,1691.2438904614833,48.36679712824452,0.1671334840506633,1839.622247272055,46.27128746449134,1.4948337785920751,1535.763122086944,48.79894560621134,1.4018093039334325,1564.9778035905051,52.213325555501534,3.169597370634958,1957.6795945537597,49.99130562726555,1.2321138693892395,1802.781762205472,23.248032303804106,0.0050558938311739,1931.5504845395076
2020-05-01,Argentina,331.0146,263.0259,323.3135,314.8969,364.3572,300.3424,311.3316,299.283,314.9087,313.3195,277.3804,301.4356,329.372,288.4158,341.3461,299.877,323.2338,324.7404,49.194880417636774,1.0640342049484053,2002.4750208600055,49.57214345557828,2.0237279674395925,1896.6884568384448,46.19360371634327,1.6056784083697373,1838.0595890749787,27.7472452885805,-0.0848168187261855,1932.2300813476463,31.98817429056966,0.6269617722441501,1759.200418081343,36.714214768968304,-0.4170421637651356,1761.9306437224395,65.07320334114345,4.684522460355445,1755.715772548874,36.35277591465342,1.0519938174651466,1896.2209042308052,46.259116176456416,0.3333363624121954,2137.4674902408237,43.42122821471692,1.542736251238619,3284.1553999999996,1847.3824824759895,0.1110077397949931,1516.0804,50.192352056330925,2.452729121688879,1768.343799439772,42.353391196191616,1.5432388899157434,1691.964358524545,47.12030999755188,1.9243467261538696,1847.3132588778697,52.20167543415389,7.544880091004757,1627.2262149066792,45.753989276222605,0.0756771564565106,1543.0168810753123,49.6051682464155,0.6801235482247092,1941.866240862182,49.431015043819215,2.829625005573644,1826.3977593544469,18.661524210772473,0.1079255452459682,1905.059232444978
2020-06-01,Argentina,334.4636,272.9822,332.6884,315.9472,365.8524,301.4521,323.992,313.5633,321.9738,320.5733,295.818,314.005,331.8382,294.9019,348.9759,302.644,329.1348,327.7297,47.299111712354346,2.2352093666809347,2003.16490224238,49.828054266037626,2.8996314722397942,1909.6726343084829,45.60097196516368,2.315144764369914,1840.1304593125687,25.21440214930417,0.7487582429593242,1904.7923809732629,29.656135600772004,0.922711645107821,1737.2140559684574,34.85490840263918,0.3694783020978587,1730.3724022984395,68.78641497896383,4.771503894307405,1799.892190811165,36.70335932402331,1.8256135342281656,1889.2745300365016,37.091916744889296,0.4103665304267423,2100.0381031502175,42.75874911876987,2.2435391591276943,3380.5922,1848.1695028270071,0.1359336334982332,1838.0542,50.86667682037687,4.169845897432145,1802.4276035354255,41.95925617487497,2.2488712476917083,1692.77344276379,44.55214972615143,0.3335377388599125,1813.5760721635895,59.29363655798059,6.6470449966904654,1698.0319702636664,47.26937757097578,3.785292627075898,1566.9516490305195,47.40358558028903,1.0419479986683466,1919.862502246242,50.35282739904534,4.066532276196844,1859.7542208711636,16.599246603024966,0.9205198983557096,1881.2090819521472
2020-07-01,Argentina,338.7648,276.7322,340.4366,323.2643,368.496,301.7724,336.5455,316.5328,328.2014,328.6943,305.5099,324.3321,333.55,300.6189,356.5467,305.866,335.1763,331.0918,44.555257878750034,2.1694334766383383,2008.461464400292,50.300679414949954,2.3289660835785098,1917.71173922366,46.15059686235414,2.5332739813328065,1851.5662467722432,23.63026341344807,0.5158538106824428,1878.918866590877,27.78978478877665,1.06461717397337,1722.9722621756414,32.232782532108175,0.1062523697794803,1699.912624123546,64.40042651387235,0.9470177154022652,1783.0593608599513,37.64578672264878,1.8355701068377028,1888.0799691324355,37.78425555686007,0.7225864856975184,2075.7730075349177,42.390430987357576,1.9341946456512993,3478.2996,1848.789694203385,0.1579048010155084,2166.2556,50.02622770644951,3.288832980366574,1826.9935593795203,40.5562516948915,1.938610771921101,1693.414848939578,44.02450602782169,2.3159249393569503,1820.9785404445904,63.948536317046354,3.2763050253872494,1720.966317014817,48.026612804871526,1.3737159419185518,1558.8587965018733,46.00074559484892,1.2859994331221758,1908.2943308555991,52.33521165394664,3.874632706980408,1895.7928029268776,15.272947056689512,1.0258758971188664,1865.07159224564
2020-08-01,Argentina,350.5076,280.3346,351.5877,334.0208,369.5853,304.0824,348.1836,329.1168,337.0632,338.6645,312.2789,335.0449,336.9087,306.2356,365.1113,310.4773,344.7144,338.8038,40.719524335707625,2.402097677527238,2002.635511772819,47.97063547109841,3.275529129359178,1928.458564614484,43.9094265668416,3.0332743829144526,1857.5748115075753,22.2866689920739,1.006955478938698,1847.9442483571863,26.861040434652384,1.5076209843526422,1702.9680170932618,29.9783499359902,0.7654775585838935,1667.8919900455203,64.59247064142279,3.975575359014938,1805.205676189788,36.178517165993384,2.845696429013622,1890.7585135257664,36.59633917599121,0.2956070079458195,2027.1754021560296,40.6729416458653,2.7001103590661213,3575.7551,1848.7916808704192,0.189169508495852,2503.3188,48.779307260922586,3.3030341430897447,1837.7213051975464,38.209987060680305,1.8683788677291924,1679.702292229948,42.504353791531656,3.327463007823628,1832.1041166098296,62.51778552864265,2.2156401478315546,1712.849793247574,43.65223130535221,1.301763943624934,1537.6353050114542,44.53617676494228,3.4663577797929612,1922.534216021971,48.58185551718268,3.4581059618981724,1909.7870758229135,15.503001748889478,2.3292633644203864,1858.338872019507
2020-09-01,Argentina,360.8692,292.3052,364.3829,340.0843,370.0946,304.9813,357.1864,355.0322,346.6207,346.511,330.5055,341.3154,343.4046,311.5692,377.8509,314.0154,357.1236,343.9618,34.41953737163739,3.489237391447486,2016.062469712063,43.158948070229755,3.6392626932057137,1944.2025658661753,38.33779540070377,2.3168947439132337,1848.8451991047173,20.59951978574732,1.9280891232550612,1832.270681336165,23.836194045743,1.139568013506942,1675.4615718835691,29.054812304713273,0.2956106634254274,1627.259199049137,63.584959473774184,7.874225806765245,1894.3109410598383,34.73321869253656,3.599849614637507,1905.4698215842884,28.167117676515453,0.137803099852718,1974.6779306416845,36.62071923005068,2.8355216469789557,3668.6656,1849.430514775336,0.222888667328525,2849.9395,40.90096591035752,1.871540202522115,1821.1235391387463,33.60491488276898,1.7416655672952697,1662.4096193451217,34.06669347335887,1.8153061126732208,1814.5548780439533,57.01100673972188,5.8366415406228,1763.4462021485726,41.745725397395006,4.270111502468832,1559.6245593742888,40.75795794999291,2.95616985195184,1925.4548569158264,41.90630490040357,2.585647342379138,1905.8048974650071,14.972791207615789,1.5224150378478465,1835.243679437065
2020-10-01,Argentina,378.0896,297.8662,381.1304,347.2283,369.6031,305.3871,373.2176,388.9845,359.657,358.4989,351.1551,350.1056,348.5355,322.1058,389.5109,319.9093,371.9913,351.9646,32.36986401458577,3.0858732902316666,2002.192295741126,44.69654115151187,4.596126766651243,1959.1142393004504,37.87793477065271,3.4596015710900874,1842.782154778386,19.97242808411328,1.4941267531069835,1791.567560477207,22.59616563758882,1.876946162513038,1644.4210824291094,27.210119255152023,0.1330573382695821,1569.7730123565857,74.28893776740865,9.563160749926356,1999.486456124114,35.589752674133045,4.1631804786914195,1912.1367718919448,27.404138324711692,-0.1328038831152955,1899.8607723225127,37.23904007424079,3.760969843982198,3766.2565,1848.7351047412697,0.2688811413322267,3209.5965,41.707128713833065,2.5753892147849067,1799.638302845503,34.700723883124866,3.3817848490800717,1655.711691697285,31.816416563630213,2.1006556315595892,1784.8481958355685,59.28037974540003,6.247883923263009,1805.0330191791932,36.0406624593864,1.902463589426384,1531.1135344394352,43.94623016877694,4.771922901705117,1943.483697683028,37.11566623241404,4.488188800021509,1918.4402884617436,15.473684935762954,2.3266537156161116,1809.1940700340024
2020-11-01,Argentina,388.3864,306.7433,393.9743,356.3987,367.4745,306.746,387.9375,396.9082,371.0211,372.6154,364.0892,367.9236,352.7236,332.4733,403.8029,328.1032,385.4469,360.8388,29.073604669375143,3.669216959011945,2005.4657729550631,42.19531403393275,3.369948972844994,1956.6525502266825,37.82428610636224,3.9376689858741543,1850.5747016080372,16.94982634427764,1.2016279546846589,1751.783127643443,22.77840977128487,2.5613197240593077,1629.507211555513,22.385045329937235,0.4449762285309466,1523.4378058970697,65.68237479008366,2.037022040723979,1971.2236096006316,34.33322854711234,3.617181369564282,1914.301668565612,17.947834873127455,-0.5759150829633186,1825.0426933134345,35.79781989182178,3.1597049410966527,3864.0618,1842.656694873013,0.3089740414515447,3580.6176,44.09119106699752,5.089321621819254,1827.2731247408317,34.60261307932353,3.218662936215378,1651.21108236573,28.996200316917744,2.6410289714288826,1770.0353176653257,58.1284609270833,3.683301196536792,1808.22977968358,32.67604451957029,2.9802307210418544,1523.4243964896905,40.397254277223425,2.7233756231327177,1928.900540043755,41.73552420633588,3.944053013577076,1926.6711019057932,16.607776592148692,2.521333111341306,1792.0868397779643
2020-12-01,Argentina,405.2871,317.1521,409.2986,362.5783,367.3696,306.8977,397.2227,402.2137,385.8826,390.7655,377.2469,387.0686,362.0665,347.7424,424.9668,341.2656,404.314,371.5185,28.65150579431104,5.24114611361135,2029.39919651356,42.95529741474608,3.8896699607055663,1954.576804527142,39.40441802614028,4.871001037530909,1866.0732831958155,14.761915931099722,2.648787889440918,1729.0232182478182,22.23943147382674,4.011664622594346,1629.6899768116427,20.086530251937095,0.0494545976149618,1465.568476859509,64.38665268351458,1.3367070773544043,1920.7433606736952,34.23452945006253,4.894863598591659,1930.773196257175,7.612091046073743,-0.0285461984437018,1754.3478009658825,36.140587812345416,4.005567338353533,3966.5002,1842.7553361546445,0.3614058781234539,3966.5002,48.04791159396011,5.203525949409049,1848.41899610894,36.30574546663248,4.592579313887746,1660.6194816952689,26.65557228794664,1.733900825115242,1731.467283310726,60.01107043938192,3.6138671512365494,1801.5161554908088,33.05218388306756,3.393325950395676,1514.5376460292623,42.05796065153156,4.3515169429207745,1935.4201671690848,37.69897092194107,2.3934783309166985,1896.9091896518669,17.55969615100559,2.9596872620128556,1774.160582402962
2021-01-01,Argentina,424.8374,331.4265,426.448,369.9824,422.9513,308.6755,409.0026,414.3419,401.5071,406.0674,382.4282,405.7084,380.6817,366.4717,439.3776,354.2333,422.9057,375.7501,35.723724814613675,3.3910413707612053,2017.516310428104,45.191778657849,4.189948365325447,1958.1466955744768,41.41156157573196,3.915877937023615,1864.5638799818955,19.310336181729017,5.141375962702965,1747.9988484426572,24.94644773817749,3.799884899034645,1626.5541539822964,20.14384932991231,0.5792809786453246,1417.3636887259397,63.40084685371799,3.015362231569929,1902.558394746957,38.36776012477472,4.5983319894933095,1941.8813055627209,23.726588336475608,15.129640558173564,1942.090689800232,38.53198030983,4.04902941982872,4078.1774,1843.6240787028923,0.0404902941982872,401.5071,47.791461349344175,4.815632164427686,1862.9154382874535,37.89168590024825,5.38596961428921,1682.7499446041743,25.388094613545675,2.0420692578678734,1698.8702350127433,60.51133191916935,1.3734506499589516,1756.01835657453,33.249372302508974,4.500805764804938,1521.83081126143,42.25255575002318,4.823815019032196,1950.7512075715028,43.63840438062741,2.9655656637951555,1878.0416127438032,18.147553756729607,1.1390011533745747,1725.3541268261995
2021-02-01,Argentina,441.0722,343.3155,443.5383,381.9169,430.6911,309.01,427.6367,427.2775,415.8595,422.5932,393.1944,415.0224,388.8788,386.2568,454.7265,363.2531,443.3079,383.4268,39.8439448517393,3.4933278346461094,2015.4389664756916,47.82170941794603,4.007592953888861,1965.8506221748353,43.74299726319269,4.069718475307305,1873.0177419782117,21.02901119913951,2.153268728178958,1723.5887654585936,25.9632596135241,2.546287997204111,1610.0105281594344,18.56917347298208,0.1083662292601816,1369.5942396817725,64.3686668279793,3.1219628041479597,1893.779498222156,42.72644178342737,4.82429061608769,1964.829443207091,23.133757415481384,1.82995063497855,1908.909257442174,40.651782754865295,3.57463168148211,4198.3709,1843.172634273784,0.0776839898974455,817.3666000000001,47.917786385455095,2.2957375297134597,1839.4624393349873,41.010497202474006,5.39880705658855,1711.9675360600447,26.349880718948302,3.225693978956845,1692.7322296272596,61.18243676717208,2.8152212624487305,1742.7163694221242,36.2535034182885,3.587220695991422,1521.6430898465017,43.85062595762417,3.821414969586012,1954.9203728156583,47.12558616395044,4.555985707670329,1895.371544598952,19.8280272353756,2.0430333884142726,1699.424408982282
2021-03-01,Argentina,461.3238,365.3793,466.0937,390.3459,430.982,397.0482,441.1744,457.8837,435.8657,441.72,435.7025,437.1879,406.4306,398.4108,472.856,378.9729,461.8773,388.4775,41.65156105319003,3.9869020169266634,1999.8020451145392,50.48120089560286,5.08533310426631,1971.202933821296,45.702114184779674,4.526054844233185,1868.1217101358432,22.47411633321301,4.513437091453687,1718.8758207089036,26.93247580239455,4.327506083224053,1602.7517478111472,29.712983608164055,28.49040484126728,1679.1957855436892,67.90384806489335,7.163073178437895,1936.4812113721985,46.32836825237514,4.188826772543419,1953.3709398463411,13.819776946175,0.0675426076833352,1822.708573027633,42.64884970291425,4.810807496281799,4328.6851,1843.3627113863,0.1295292920696606,1253.2323,52.02183861802345,5.340796063055886,1848.954558088151,42.378049216298685,3.146611270015187,1684.9584918785415,26.556489334419652,2.207024617135289,1650.8504261806456,71.45413283939715,10.810962719713205,1842.6725061361549,40.96771679547644,6.426683327726246,1545.2617105049292,44.76187069255238,4.591447840058827,1951.030078290242,47.51074547068587,3.1657011664340207,1865.8142592505535,19.76225584117588,1.3172527324641914,1642.9485910742033
2021-04-01,Argentina,481.2407,378.4685,487.9835,404.5705,433.2713,406.8828,460.1121,467.7635,453.6503,461.8578,461.9321,443.676,420.7778,413.8512,490.482,388.4611,487.9806,401.9368,45.2194404005539,3.7275618793036536,1992.6473619690332,53.986443054803026,4.6964376476232195,1982.4968784979176,49.774830794754685,4.558951371909803,1876.3578006426765,27.643184501455487,3.53004916460522,1709.464920517233,30.35231198025827,2.5036618713369707,1578.1740943451314,34.908000724137445,2.4769284938201297,1653.0146632304013,63.61637186838034,2.1577094795032004,1900.3504803446444,52.556485659120234,5.651565902892397,1982.4850968681133,19.31026772376012,0.5311822767540164,1760.221400503777,46.280152829043075,4.080293539959667,4472.2111,1843.0137569808076,0.1756174028059312,1706.8826,50.79777254509563,1.4840529666992008,1802.4918569263964,45.70557946713842,3.875497350975432,1681.324700861028,30.949475581288468,3.64410129579944,1643.620641645346,79.09856754365492,6.020071034708319,1876.6596541235267,43.99909446137573,3.58235948232426,1537.5778481440236,46.37231449136729,4.317336326458765,1955.103370413452,51.9702937431568,4.292565479773991,1869.265665763539,23.905307896074568,3.4646279385549983,1632.9208904674888
2021-05-01,Argentina,496.1796,384.5689,505.134,416.3379,437.5563,416.1535,470.991,474.7275,468.725,477.9293,471.6343,457.4624,436.6403,429.2946,513.7918,399.1277,517.0463,410.1034,50.519311631215345,4.752427204260279,2018.710326193641,56.23659389416156,3.514565553958282,1984.6934534795976,52.53736202183394,3.4797506938282874,1877.8050040901755,32.567522436636985,3.7698043955741056,1715.578727496798,33.09713649262864,2.7458605250306967,1568.1900907330903,38.55969053986384,2.278469377422687,1635.0851993582332,58.62160563747357,1.4887865342208206,1865.224992648952,59.96046824311072,5.956322853818374,2031.4973982267045,20.089928235259254,0.9889877312436955,1719.177731332191,48.84472864674745,3.3229780736395487,4626.0274,1841.6409091097105,0.2146829113310631,2175.6076000000003,51.7612385531105,3.1073125433875193,1797.3896639170302,48.84572897878687,3.7316310789965,1686.7171527439104,32.214035768532476,2.9086154329097225,1635.8097149774978,70.03158838908587,2.1003519781370494,1853.071675330571,46.20951776992304,1.6118646598065611,1510.9879323938796,49.89659066397676,3.1042470015524515,1949.5112264668887,51.28274804099553,2.3644020663659893,1850.5441216544705,26.28653533714931,2.031811966458408,1611.3140933489428
2021-06-01,Argentina,512.2593,405.6917,522.2312,424.5201,468.3691,420.9305,486.2222,477.1486,483.6049,495.1809,487.9626,467.7135,450.6922,442.6958,530.2766,410.0618,533.8777,420.2876,51.95221217281767,3.208459146292353,2020.833969244952,56.97307149873574,3.3846860437032333,1990.1737107757615,54.46729343959711,3.6096552356174927,1887.0875758826387,35.81685291205172,3.2181866859289032,1717.5453479066205,35.493120630179355,2.739499162799275,1562.7067363140852,39.63429015754079,1.1478937459374894,1604.126324056657,52.16978517575237,0.509997840866605,1818.368186070575,62.20639689270173,3.255298413314245,2034.5574207543111,28.02132772670072,7.04201950697545,1784.910341932278,50.20007839147161,3.1745479758920503,4787.6585000000005,1842.9725347362264,0.2532436031062299,2659.2125,48.95097211827837,2.2408617626279215,1782.4119123386718,50.11629290960824,3.1216791452769233,1687.0718238030292,34.36425453366891,1.965278683492433,1617.805950153682,64.95365393586599,3.4620679624022266,1859.5793172866515,48.61470821174423,5.492591834649141,1546.0526985364477,53.15846029283906,3.240701552421754,1952.1717430141944,50.07228573545024,3.23386221817401,1852.946817493008,28.24214589034806,2.483324937076836,1601.6762929618894
2021-07-01,Argentina,529.7087,418.2942,537.4829,438.0619,470.0952,431.6135,499.4892,500.4272,498.0987,510.6974,494.0248,482.1844,457.2079,463.7774,550.5464,422.6424,546.1141,432.405,54.41074058461346,3.822495656040626,2036.971126150618,57.88046878625859,2.920488090332407,1988.6373757047545,55.37154127710764,3.1335013123486855,1889.5334852797016,37.07327237295757,1.44570951083689,1691.627246945869,38.17894110492832,3.067976583041876,1563.7380709182733,43.026168065734296,2.5379486637342685,1596.930317148218,58.096475309983674,4.8786897834343534,1851.53468833944,62.9333875933352,2.2919855989489646,2020.5720231459716,27.57131692067214,0.3685341325890157,1739.309073571274,51.76617162510582,2.9970333220362466,4957.555799999999,1842.9194521536403,0.2908037314976113,3157.3112,48.66995897106698,3.0939667125280623,1784.0380034821044,54.27419899414176,4.762096229510182,1715.9337937024122,35.51199436498247,3.189907851241891,1620.7888050247525,61.705005304247095,1.2423493111972217,1827.8463962389617,51.15487102693507,3.1064229315019176,1547.6501301911553,56.364740374442704,3.40636080203911,1959.8735495696276,48.4165439739946,2.728587876078059,1848.064174471164,30.599730950751415,2.883120986676735,1599.8587944688368
2021-08-01,Argentina,537.5867,426.7422,550.9627,452.5377,467.3059,449.9,515.857,503.3702,510.3942,526.6934,510.8956,500.0179,462.3809,477.4438,573.6501,432.4694,559.4713,437.3723,57.11650118744611,4.196503691605291,2070.6855557624026,56.70704635002877,2.5079495552323694,1988.7916077306604,55.52069968951574,3.1321874754012713,1901.1875282430697,37.242196476374744,1.1314327683314307,1669.04085066911,39.29179363515465,2.3251334934687007,1561.070310785674,47.95331791645947,4.236776653186247,1623.9889638954216,52.94576272010423,0.5880975294708213,1816.99855424279,62.2999503356982,2.4458625038247472,2019.5048162174369,26.44060789214289,-0.5933479005954423,1686.818458242315,51.42388727099251,2.4684866674014705,5130.8868,1842.3528518253672,0.3226670495119506,3667.7054,49.23907213630174,3.698481327890324,1804.89786919352,55.90734715362944,2.9467585095780846,1723.4128963776238,35.48189214563882,3.304510161691754,1633.5101812549835,63.6023439303776,3.4149702606022903,1844.1627386146472,52.22601847934576,2.0196311591219818,1540.397028736281,53.37376422080431,1.4872325110008466,1940.508708461789,48.15660473382432,3.27690768889497,1862.071738048901,29.09309163592615,1.1487609995259218,1578.7681447289565
2021-09-01,Argentina,553.4373,451.7961,570.0767,462.336,480.2655,463.9288,533.8161,535.3815,528.4968,543.8748,541.712,518.8505,476.0569,496.8871,598.3555,448.6131,576.4905,445.7672,58.35756908346652,4.306701942525604,2101.034835424143,56.44990475678193,3.469200365106362,2001.7381064662031,56.95744146650467,3.2621255553990425,1909.7340977217368,38.6285739911463,2.9577346296094875,1671.601799505524,42.86340733607332,3.7329115077274766,1575.2370467516623,52.11712980435197,3.11820404534342,1629.0158107621976,50.79801212397073,6.35939513304522,1879.9111594054548,61.42604409229746,3.0420148450867712,2024.259195062269,29.76830788668625,2.7732583731555627,1686.3796618438262,52.4712170969593,3.546787953311381,5312.762900000001,1855.7365766842388,0.3695792450864594,4196.2022,52.0149691458399,3.7663851634111456,1821.8650532622064,59.47888944093316,4.072374591522587,1744.743896183589,35.947469495063444,2.1651897731393532,1623.4229344773407,63.90408026492751,6.031838990196814,1902.1397526508624,54.563141538364704,5.870968467613458,1586.4136698146328,53.36229858353112,2.948473241618532,1943.3113701187372,49.4502870210064,3.4814105459458844,1874.414494076277,29.59787976455526,1.9193945295575388,1565.2440993514406
2021-10-01,Argentina,572.3293,461.7273,590.5328,477.8239,485.73,470.3893,548.5192,578.9276,547.0802,561.2843,569.4577,539.5742,485.2106,517.4057,626.6749,463.3373,594.2962,456.979,60.88764139848204,4.7328720133766655,2126.0619566581895,54.94245539059597,3.588306626108384,2003.4459976597743,56.56513869359154,3.2010124388921923,1904.2173176227775,39.214111618472145,1.9228163692197375,1646.129113559988,44.833957624864325,3.282160061754791,1571.921592249383,54.03050750997669,1.3925628242954513,1595.8462602364898,48.83050609985744,8.133657961659125,1964.0741092701012,59.7607793515601,3.0886371935010315,2016.213736670364,31.419352272748817,1.137808149867103,1647.8912338879095,52.11165082286735,3.51627483837178,5500.186100000001,1856.0283816392737,0.4177374154729967,4743.2824,54.11755767402751,3.994156312849273,1830.5634698537908,60.63222084172344,4.129428999062368,1755.3544508134926,37.610874459253466,3.349922999723143,1621.0689398475145,62.16700255812888,5.121854417107263,1931.9464556440228,55.01164616864889,2.198159745070849,1566.4594941978737,51.37398648362714,3.4135754854253575,1941.6886672991243,46.97034652170744,2.754338057619466,1860.9103438107777,29.83663697996899,2.515169352971691,1550.350376074904
2021-11-01,Argentina,584.4717,466.8177,605.5459,487.5849,489.7423,474.3662,563.3426,581.892,560.9184,579.5414,592.8289,547.4789,490.2282,543.1712,641.9374,474.6729,607.3504,466.9551,58.97295437947571,2.435473321174997,2124.7235399065835,53.70187852354835,2.5422973965205653,2004.2727347307043,55.5333998541123,3.252736625628039,1918.2014553606275,38.983668799025665,1.0341076637649715,1622.587181345148,44.67182886360146,2.4465114291467582,1571.1013011326709,54.64462454278134,0.8454486528498784,1570.086166775817,46.606192565434526,0.512050211459969,1925.981614536436,57.57044614965121,2.196581435317957,2010.2453788355056,33.272458361056344,0.8260350400428162,1620.9789199040156,51.18234515503297,2.5294646013509503,5690.0834,1856.561914676941,0.4535985815374941,5304.2008000000005,48.80233287562958,1.464988503898068,1812.0790382865407,63.37287836346559,4.979748000456885,1797.8211502232257,36.8088323554491,2.0428027982694053,1613.838225865945,62.82518130172497,4.104115195913582,1962.1812328848985,52.18513330201509,1.102468924839406,1545.1016813088777,50.48716947864293,2.1215758130852302,1934.520062858495,45.21478330916706,2.7024395864356343,1864.5856796195055,29.408228826833493,2.1830543635484423,1545.5564562049708
2021-12-01,Argentina,609.3311,491.9092,628.9364,503.0842,498.8013,479.1164,582.338,603.6269,582.4575,605.1759,621.094,569.1202,498.6315,575.1289,645.1434,492.1334,637.3158,476.8025,51.81030612273714,0.4994256449304846,2057.1627689294337,53.66199640067179,3.862712966927884,2005.4836585238413,54.86932700046447,4.4232387884627355,1929.718772808281,37.71820922399613,1.7141608744662085,1589.9816338746346,44.208323370418825,3.678427818398733,1569.2612027444698,56.115995655881434,1.0013782600868382,1527.754015717284,50.07616597843385,3.735212032473356,1924.7794908919325,57.62892207541661,4.933791103125951,2032.2029734946943,35.776422436695924,1.849748326824141,1590.5230735579116,50.94163354346632,3.839970305841267,5886.658300000001,1857.2768216860245,0.5094163354346637,5886.6583,47.03341991574619,3.9529011985667495,1814.7482970230697,65.38935142795359,5.883540953570443,1833.9081829176885,38.751877870242105,3.178789991240505,1604.179917017905,64.63859610244647,4.767834361651402,1980.4766704665317,55.10198418992023,5.375010416271708,1568.5462982863385,50.345545170324925,4.253311152618666,1942.9684204640669,46.60239709362028,3.3719090301354893,1856.8957731456735,28.338831040715327,2.108853720625392,1520.375704273618
2022-01-01,Argentina,639.405,500.7578,653.0302,524.7001,536.1267,482.7713,601.6662,658.2543,605.0317,625.1594,635.994,593.0751,512.3766,607.7867,671.6729,511.9611,654.8718,485.193,52.86917221087286,4.1121865309325045,2061.3639453635337,53.13243349716732,3.830880197107378,2004.1495041910096,53.95458980454968,3.302097786775726,1918.6140266565756,34.594491933812435,2.7565647176321706,1572.4836444762818,44.52653096137489,4.028927928890824,1571.2084750905606,56.40091293283725,0.7628417645482388,1481.6249869189037,58.867423256011506,9.049861760633917,2020.1822656541765,54.85054942508458,2.754678292927948,2009.801374084497,26.758494417678836,7.483019791648493,1645.37269484407,50.69016214159103,3.875681916706375,6090.1829,1856.842120892485,0.0387568191670637,605.0317,46.182603071565694,4.20911083458293,1820.14731878102,65.84819509937603,5.678344454608331,1865.2972151347517,41.8175837553354,4.296676381408915,1610.3044625868345,66.30415853224214,2.398992745059525,1951.8654110766345,51.09165984011539,1.7988279137694407,1536.8255504719086,50.505817049063936,4.935559665344513,1962.3337691384752,47.10571522039226,3.3190689942954155,1846.5134023181297,29.126512541180972,1.7597432899365997,1489.0571835528408
2022-02-01,Argentina,687.1658,514.0762,688.9779,547.448,544.0338,495.5553,628.3237,713.7013,633.4341,652.9838,657.5762,606.6697,528.2683,634.0233,696.1161,526.332,687.1919,498.9476,53.08456841639975,3.639152331439899,2040.4776689977948,55.33673191244137,5.504753072675639,2019.553949956043,54.51829324276869,4.450768875905875,1914.0468983799144,35.84394418003758,3.101566308843906,1548.476855210543,44.894014669110874,2.807029674715511,1542.8011110200546,60.36869356978738,2.648044736710742,1452.5874683885388,67.03460865596713,8.423340341263241,2092.0239669570865,55.01458467128604,4.9353323810858996,2014.318769909453,26.316471364279415,1.4748565963978333,1594.6891906106073,52.31925686439769,4.6943656010089985,6307.7575,1856.7421954925564,0.0875198619641777,1238.4658,46.17757981255952,2.2922223509299178,1778.2895343285288,64.14553737306372,4.316744673748207,1858.469277286202,43.342177316583786,4.335409884617891,1604.697002321171,67.23946221004165,3.3934596867265965,1927.5082874314037,49.73870972909757,2.659649035921152,1506.8765199702236,55.79440282112542,7.46956936526928,2014.242264758716,46.9293210802534,4.430612854768978,1841.7624283536463,30.128514751707502,2.834871896338176,1462.531086122048
2022-03-01,Argentina,736.9451,543.6306,735.3863,577.6959,562.7616,612.6821,655.8863,757.8963,676.0566,694.7515,728.959,626.8734,572.7992,668.4613,730.5922,561.416,724.8465,537.1626,54.50627675233053,4.952636492677032,2007.0619593791057,57.776494297176725,6.735832891011451,2020.232173541616,57.28323372272026,6.396437400131516,1908.601415223941,40.934073369475634,8.429599126050169,1573.5775507633182,48.141463413347,6.66575469475541,1542.305949867491,54.30925011119556,23.635465103490972,1683.1427109439508,65.52157239927956,6.192366470398758,2082.071000599479,56.934861271597455,5.4794883350633095,1991.277536961231,30.576590205623443,3.4423964099289384,1546.0025436342198,55.10663032213823,6.7287978339025445,6547.9484,1857.2433215782708,0.1606968748792832,1914.5224,43.38763721502812,3.330263568462355,1722.128643703891,67.78192257840401,5.431661580891434,1836.3777310339533,47.995892873474546,5.525255366719772,1587.0296247061983,67.30659107992265,10.855441544265144,2002.5752791325085,48.78527601317315,5.749030980232117,1493.4464085634077,59.745736075181895,7.244146900209536,2024.514464239874,48.6682590830293,4.386687944446455,1801.8320513248184,38.27379964090583,7.659120917707596,1475.6777042804108
2022-04-01,Argentina,780.1457,561.8137,782.6829,608.0932,583.3455,635.5003,691.9571,799.0308,716.9399,741.3622,801.0762,659.6448,595.2223,717.5668,777.2991,589.924,763.5071,561.7478,58.47658018031241,6.393019252053311,2014.5036007951403,60.39126322918706,6.43153129178502,2028.4566395751424,60.517414667458254,6.708974359897035,1921.3669762301372,41.45762918100717,3.9146528137609105,1542.6204232367763,51.8617951707391,5.07787451729198,1528.8889723344237,56.18755572857837,3.724313147062741,1647.0077511428894,70.8193991194268,5.427457555868798,2070.825019283081,56.462592980130786,5.333625809050613,1978.7592732098303,34.637466178812225,3.6576589447467662,1511.8396641108186,58.03800857180077,6.047319114997163,6811.237999999999,1858.072407524604,0.2308879188610328,2631.4623,48.677142779866415,5.227754120688499,1709.5823536213927,73.3876330429874,7.346049801237542,1859.6971261269264,50.30586758055766,5.261816814001974,1575.9775625869624,73.4186041628196,9.893176433791195,2076.126023317521,48.44397882518625,3.344752852396482,1456.0363206724935,62.11133015141903,5.862119172785052,2021.8810517017776,50.38880742323446,5.49955076055102,1793.3252071767006,39.76023096168353,4.576863690807964,1455.865529548083
2022-05-01,Argentina,814.5693,593.5899,824.5376,635.8157,601.2442,656.1411,728.9951,825.8088,753.147,779.9267,847.1542,693.9163,629.0029,758.3527,825.5739,615.2979,810.22,581.7106,60.68257609405212,6.210582258489694,2035.790679374652,63.2314593751361,5.34759351456382,2033.2352571634656,63.18871849874028,5.201843309518606,1923.2288065979683,44.05516394157844,5.675291399532556,1551.0643458079603,54.160660861173014,4.301215071771969,1517.2690535139216,57.66804796787726,3.2479607011987266,1617.9846961424432,73.95427903376147,3.3513101122009337,2036.3699215607064,56.7016338768888,6.118201127402734,1997.929348593664,37.4095630665128,3.0682845757788346,1482.613898511168,60.67992959624513,5.0502280595626114,7095.66,1857.1924848871572,0.2930505659211191,3384.6093,51.68816060074008,5.1954476105928515,1711.1349278437035,76.65088263397676,5.683916814434564,1870.029270957575,52.71626724350582,4.558922875638127,1567.8640953403085,79.62099024604443,5.752012105714788,2089.0057502460895,54.35202898622327,5.656003048697444,1463.73908597514,64.1682366626923,4.4124578267879855,2008.6543296060293,54.77898728425809,5.352643971714444,1797.6360806583064,41.84486156418112,3.5536943802895182,1434.4458050011472
2022-06-01,Argentina,852.1804,633.4988,867.0654,667.7975,603.5522,669.445,772.6412,880.3186,793.0278,819.5734,895.8753,724.0064,662.0938,805.4594,886.798,649.3822,848.636,621.3286,67.23310061202021,7.415944229826077,2076.698747191904,66.03094568076362,5.1577757036185945,2030.4890515240752,65.50989749402693,5.083387964535646,1919.272543478683,46.90598151021916,5.260850148703611,1550.4876702287636,58.36203225952771,5.539479331881347,1520.71971428524,59.03931884242175,2.027597417689586,1567.702670522356,84.49568960277783,6.600777322789475,2061.5253234104393,58.9570045723955,4.741428254054436,1987.331182548843,28.862514627886423,0.3838706469018627,1413.3952688266295,63.982581648779814,5.295221251628157,7405.082899999999,1857.1082013585412,0.3615204542820724,4177.6371,54.796985761582675,4.336272256466667,1695.4742611495749,81.94421541835273,6.211713889856263,1886.220454820537,57.306450271730355,5.030042510746435,1563.8445639569388,83.59507470449581,5.751148964379804,2097.9559191046565,56.15276329291427,6.72331183532604,1483.5240543027548,66.35723353387628,4.617298982419293,1995.6314392471515,58.9070182315822,5.987159584474577,1809.3669720374303,47.83414975840354,6.810603073074484,1455.023945943157
2022-07-01,Argentina,903.4609,674.3455,930.4681,721.9398,636.8292,710.2816,852.4176,979.7957,851.761,879.6383,971.758,819.4993,694.6115,884.0683,947.493,698.1322,895.3078,649.6896,72.10048054078642,6.844286974034675,2065.9534162345444,73.11585168570016,7.312331918676507,2028.8316113071712,72.24256477514864,7.3288005686861,1918.0001867409544,51.92464959594967,4.911343377630173,1514.560003483721,65.18271711498893,7.50713524331279,1522.2366852033083,64.5642687265343,6.100067966748579,1548.7277457548903,95.79185543871316,11.300124750289276,2136.3875760843794,63.94152797007073,5.499625281039222,1952.1666207469968,35.468134965002854,5.51352476223268,1388.5690567612762,71.00245393131924,7.406196857159353,7758.7452,1857.2153543776592,0.4623573393766931,5029.3981,69.95558130872752,13.189510479465373,1786.8705926448192,90.62341114508814,9.759511155993716,1927.6595442601329,64.8031476830101,8.107592496228278,1574.1477732560386,96.70227081717356,8.470230176007764,2118.8618384022348,61.21320831127947,6.447794376248228,1470.3711683858266,70.55806332801407,6.017563886707555,1969.943981421853,70.65786407393794,10.32515480665539,1858.6470325147009,50.25025150032958,4.564573399647132,1416.6104114880582
2022-08-01,Argentina,967.5805,721.689,999.6564,784.4224,662.6492,745.7268,924.2301,1064.731,911.1316,939.4677,1067.5251,860.7132,738.3105,942.9087,1001.738,738.3679,956.4746,685.6993,74.62526372783691,5.725108259375,2041.3378372918012,81.43812639222216,7.435859434622194,2037.0959608309831,78.37088902196231,6.801591063054002,1914.443659842696,59.67582138449059,6.291142602735489,1504.5262926232492,70.73298133925773,5.76333536828697,1504.6432621221204,65.75390086685933,4.990302437793681,1519.6392001926008,111.52046744125892,8.668674500204476,2169.7047300167674,70.96044068748478,6.831929756447996,1949.1002551450983,41.8020187632983,4.054462326790276,1350.3439869618023,78.51527309675541,6.970335575355069,8159.482599999999,1856.700464425048,0.5642885532420825,5940.5297,72.136477514105,5.029156217705144,1753.9580431375325,97.49103454689325,6.6556396151745245,1921.455716386544,73.33857488558412,8.654821357681076,1598.4929448011796,108.95171146512128,9.855035924582056,2175.398536232741,69.11592057218618,7.020659291120057,1470.6550639561267,79.9859445927513,7.097108463686697,1971.731815380588,79.16401250734215,8.424567958240182,1883.39253726422,56.777029546681405,5.542600651141716,1397.3153919433043
2022-09-01,Argentina,1032.8063,789.7014,1069.4142,837.7345,678.9797,772.9974,980.1201,1189.6609,967.3076,991.2585,1180.9506,905.8061,771.8891,988.6307,1045.0789,769.2362,1012.0676,706.9826,74.65852657826323,4.326570420608977,2005.3274541852809,87.59128376935945,6.978177701858357,2052.022727810875,82.25858230607483,5.512781333514716,1902.0553225641816,62.14219350670056,4.548032298064286,1481.123007857462,71.46984784884796,4.1806124020288715,1476.0325470288983,66.61983476774881,3.656915642565073,1483.249645776832,122.20807031994948,11.73347070762476,2282.755554571784,75.55668306763077,5.812281894364979,1941.984422201431,41.37590561887123,2.4644261247127375,1302.8457786722952,83.02998239535225,6.165519887577164,8598.2934,1856.0976467155483,0.6607350750913161,6907.8373,74.5794019664624,5.239015737181685,1738.086799473703,98.96485539672896,4.849037876095541,1897.0130243376,81.19603491832778,6.7963510475988365,1607.4690553681442,118.0034040228018,10.625089751988014,2266.041980386916,74.79154866542672,9.424059394004903,1515.3017614541372,86.61667726407308,6.7411238651460925,1981.77843629368,83.60632060366856,6.047195389979176,1880.682640256944,58.599062470275975,3.1038824160969813,1356.5785486734933
2022-10-01,Argentina,1096.5069,832.7248,1132.6433,889.2464,761.29,827.9004,1028.4132,1297.2889,1028.706,1046.265,1261.5985,956.8276,829.1011,1061.9488,1119.4447,826.4284,1057.3307,759.7711,78.63244562691119,7.115807237137783,2020.717488521644,91.8002353129242,5.912498637104324,2044.542374059984,86.4055345927189,5.5491579643453415,1888.6202981961485,70.87448213208862,7.411945576119683,1496.6162174179146,78.36431472277323,7.434933509369412,1491.7917078806668,76.00323816889542,7.102611211887644,1494.448825416802,124.0848251145739,9.046947747883438,2341.745302733584,77.91308441817397,4.47233959470692,1908.595070967625,56.731105758343105,12.122645198376336,1374.2099246498217,88.03568471313712,6.34735010869345,9079.9192,1856.9244239998152,0.7661477446852349,7936.543299999999,77.33012438326368,5.632717642329843,1727.1762194418286,105.24489776591172,7.416126163187098,1916.931235705143,86.10337406730805,6.148952920048045,1605.184920778055,121.54384776955337,6.8290663470597535,2277.320311081622,80.34991649833137,5.448059228462809,1503.1573837329242,91.58671415214982,6.167719929671245,1979.312304676286,87.48900676585252,4.927263505768331,1856.3958886638231,66.25952177233529,7.46673256173489,1371.4681475943626
2022-11-01,Argentina,1135.001,885.54,1183.9094,941.1822,809.6802,859.0553,1084.1626,1350.5167,1079.2787,1096.024,1318.2609,996.7277,880.7676,1120.5659,1165.2705,874.7005,1121.731,825.5091,81.52400841577388,4.093618916593211,2005.183948410556,95.51109172731584,4.526235223392927,2037.2575511457403,89.11918975935109,4.755869688845538,1886.0253751148175,79.6648173238504,6.231628446759996,1515.6146609736445,84.27437083515828,5.841050476968124,1505.1744657285046,81.09538580109627,3.763121747495224,1478.252387198521,132.0906113161892,4.103002808395262,2323.9534587895205,84.69255968218674,6.0908379942056,1930.26168227422,65.32780607270394,6.356342523873959,1393.2882883294897,92.41278232270504,4.9161470818679165,9598.2795,1857.2102572762392,0.8529741654970542,9015.822,82.05773775025853,4.17004066354274,1715.1574548366,106.30068383596188,5.519767054682889,1928.25679172023,93.02939857243322,5.840428479665483,1619.5754032816703,122.36785352401009,4.491317958922747,2268.4480526171847,89.69717729212066,6.342455514715062,1523.8269514893611,94.19263584532833,3.510611743528469,1953.0965442186423,92.45173363420416,5.4209144728986525,1865.614415697518,76.78554105094899,8.652342791138,1420.526475686842
2022-12-01,Argentina,1187.9252,948.7615,1244.8284,995.2681,837.1999,892.6222,1148.5321,1413.2059,1134.5875,1153.5771,1371.3368,1042.694,925.7853,1200.8127,1231.4648,919.3928,1186.6265,860.1091,90.88233716720964,5.680595192275084,2016.2610193912824,97.92595880918962,5.145579551948831,2038.1410648125868,90.61847968499738,5.251080268315311,1888.736518975158,85.66522572280331,5.111189376175962,1515.7760195138865,86.81780183990764,5.109440316999936,1505.3096638645338,86.30591647457695,3.907420162590225,1461.4785147762966,134.1191056926058,4.6418678125194734,2313.8233171941047,86.19128852603374,5.78529968414887,1942.8478642074947,67.84236528653793,3.3988357378629264,1370.7363164649769,94.79318233519184,5.124607758867095,10150.4095,1857.6450982103645,0.947931823351919,10150.4095,83.21156058069982,4.611720934413666,1707.1890868120418,108.79018599134906,7.161274495324177,1966.0747417222144,97.83330504118396,5.746591892621855,1629.5392883934846,120.79376068678816,4.0262060416113465,2245.2715938748547,92.8732985681097,7.139316123495276,1553.3946476985798,94.95561608458848,4.662921001831699,1944.9742085300309,97.22774402494773,5.937255168182309,1880.476407242505,80.39106338578341,4.191352948138305,1408.2452464363728
2023-01-01,Argentina,1268.3385,1017.8777,1311.7457,1062.9991,903.9001,902.0686,1210.6926,1525.1043,1202.979,1215.3182,1402.845,1136.1135,991.5192,1275.6081,1291.7546,989.7596,1257.1122,929.1621,92.31899932243805,4.895779400271927,1995.2572745607115,100.87060292158002,5.375624463580664,2026.1357306556,94.4013318843162,5.352143346118776,1877.1928348124552,93.51375531201072,7.100339571172709,1531.5106264507338,93.32711020427138,7.653616604350177,1528.7927304197715,86.85215960435096,1.058275270321518,1393.344321206827,131.68922709657957,7.9180535546872655,2355.6915911418637,91.96309873169068,5.940007239009071,1941.7482716833524,68.59822500912563,7.967057807818656,1396.1732747080246,98.82908614540362,6.027873566384256,10748.3568,1858.1335811722831,0.0602787356638425,1202.979,91.56317640042548,8.959435845991237,1754.852450768614,109.87759357024429,6.228731591529635,1970.317226672595,102.5917471713842,6.805302008574365,1641.9192059594673,120.57519410560477,2.2976266661844047,2166.8486346641394,103.26746782576328,7.284886665405388,1572.2242332546175,98.36230558096985,6.769222506602279,1959.0885286806188,101.22330288788037,5.41216915051832,1870.0480860736411,91.50360784265231,8.02840011807804,1435.1932164755654
2023-02-01,Argentina,1392.3999,1071.1087,1403.7836,1131.9624,974.8005,930.4868,1271.8967,1575.9625,1282.7091,1308.7788,1457.7661,1205.9377,1042.4951,1371.9038,1360.5006,1045.908,1318.1813,973.7901,95.44162245349592,5.3219086659339165,1971.334938427046,103.74871240427308,7.016443812241957,2034.0510372953136,100.43051604036737,7.690216438789466,1896.3912071134869,97.3419756589597,5.141191416162205,1510.5520819094068,98.71639953489432,5.6729331041598385,1515.4972976714266,87.76649144908752,3.150336903423989,1348.2545605530634,120.81541675768284,3.334735860360505,2283.534412186833,91.82142571820184,4.857887784399817,1910.0152193032352,79.18013549893408,7.843831414555669,1412.4641206671674,102.5007968469017,6.62772168092709,11397.6318,1858.6167949270375,0.1305510593056946,2485.6881000000003,98.77994566071123,6.145882431640848,1747.3767535099605,116.38065982748589,7.54900349096248,1987.8579201661728,106.77076178924752,6.487616029025789,1640.1881984511665,121.68778310407222,3.914979915813932,2112.270472342706,108.35601803779284,5.2296066609967,1552.012548295218,102.629394536224,9.781410877301266,2017.556310620021,102.4269815065069,5.055296447669688,1842.949869173202,95.1688113140538,4.803037058872728,1411.0000736672714
2023-03-01,Argentina,1522.5337,1159.8526,1512.8076,1203.4429,993.4553,1201.1258,1345.7519,1722.9662,1381.1601,1403.1434,1595.0861,1258.7738,1128.8908,1479.9582,1438.3163,1123.7847,1388.1661,1037.2344,96.86992278318873,5.719637315852699,1935.0864876376615,105.71604339107216,7.76643921470519,2035.305826093719,101.96334948539156,7.210125958641744,1887.7654612952429,97.08316631727136,8.287396266898494,1518.790639512651,100.16969591176594,7.445846097362296,1511.9209787054097,96.0438863808817,29.08574307556002,1615.97439000933,127.3353491763979,9.327867890257547,2318.049661452359,91.5117338636525,5.309193811200319,1867.6152545213256,76.53217632475278,1.9137043938733944,1336.5780024199264,104.29651896009892,7.675239849783555,12102.7353,1858.189500302737,0.2173235647316753,3866.8482,100.80191630399376,4.38132915158056,1693.5330367682773,121.39773835822658,7.876237386324014,1991.1107974571075,108.31771525468676,6.314741549719338,1619.0917772630971,118.816984219963,9.419892532828133,2146.0019320706137,113.35307467975495,8.28523753004713,1560.4461229504316,106.60069522139436,9.346007565786252,2048.391156968028,105.18066927148806,5.806697981054598,1810.5519053094995,93.09505166592017,6.515192545087478,1395.4776650678002
2023-04-01,Argentina,1677.0441,1203.7907,1650.4841,1282.7938,1055.7168,1261.5273,1462.0471,1940.9169,1497.2147,1521.0163,1768.0967,1353.7339,1184.1465,1626.3026,1532.9719,1197.436,1477.7098,1095.5146,97.21776340664748,6.581000298752082,1902.6148848433704,110.87519607238129,9.100727680109475,2048.4626077342405,105.16507315857211,8.400631040277151,1887.77645074211,98.9418911220228,4.8946895483602315,1469.677791703279,102.98140099402632,6.553862141031108,1486.1717669106038,98.50931620331257,5.028740536586596,1565.717296328959,142.90889662826513,12.649737412144235,2408.926989584121,93.5423783223496,6.450503293517995,1834.027525852835,80.9762482096802,6.267166726072126,1310.2800500512833,108.83405987029036,8.402689883670966,12883.0101,1858.23561020675,0.3196114887569266,5364.0629,105.22164352694054,7.543857363411921,1680.1575216460694,126.64128273493148,9.888414416028768,2018.4502625387152,110.9534854196692,6.593657247884366,1592.1117523842345,120.71517041699656,10.846474055538447,2194.434939911451,114.26866236974998,3.788248610211342,1494.058765236349,114.96549939325438,10.148241710511895,2081.4269767102405,111.29158151567488,8.641652298614622,1814.5881048452895,95.01893910398935,5.61880708931366,1359.6742278989136
2023-05-01,Argentina,1774.4119,1305.3763,1772.9497,1373.9512,1126.7574,1323.5067,1590.1014,2056.8651,1613.5895,1640.2912,1903.1899,1466.9417,1291.1045,1778.1049,1671.6594,1300.9009,1597.93,1225.368,102.48452621867044,9.046969484567846,1924.623258704996,115.023511359579,7.419980598419573,2041.2413133524956,110.3135076668102,7.841789729669557,1888.508265839996,105.26209020657932,9.032497245906644,1486.4808884624968,111.4261888428353,8.640536947277354,1497.759728692497,101.71068387576996,4.913044687974644,1523.7863513774969,149.07279990235028,5.973887908338571,2368.120211257495,97.22174224284764,8.13557574024344,1839.736757249996,87.40428597897494,6.7291341768928925,1297.2639635549972,114.2462892370281,7.772752965890595,13743.4526,1857.7659310874965,0.4221816298875136,6977.6524,111.40038070873968,8.362633158555033,1688.9266527524965,134.4693834412405,9.334197707117989,2047.1766239924957,116.09268220334918,7.10616156704218,1581.8643653399963,124.65684523549552,7.640600200203984,2191.1901116174954,119.91214810090268,8.438809171727257,1502.9123685974969,117.83436964786178,5.805917685766282,2042.924780767496,118.12237146724308,8.758561882171922,1830.723494354996,110.64907533058532,11.853187533968049,1410.7968125999969
2023-06-01,Argentina,1848.0332,1364.1997,1870.0638,1464.0524,1244.8,1410.4778,1717.2201,2094.7124,1709.6115,1746.7824,1983.4012,1561.7425,1383.8634,1890.0322,1815.4471,1395.1812,1701.7574,1324.556,104.71934984066272,8.601495017465876,1951.6056325000045,115.6773641296262,5.477544004773516,2010.3185850000043,113.13312511118592,6.492213089968435,1877.7910800000045,109.0131942029966,7.184461056405578,1487.6531550000034,114.84746579133214,7.247308384520279,1499.8197900000034,110.69360440364775,6.571262540642975,1516.2636350000034,137.94935151887054,1.8400477503361712,2251.815830000005,100.52854227254086,6.497618794315141,1829.389205000004,106.24562382508094,10.476310162240775,1338.160000000003,115.58027347843294,5.950831980500615,14660.0363,1837.832362500004,0.5068132691396647,8687.2639,115.70838324081114,6.462479047394987,1678.873187500004,134.6526963370221,6.294752351225186,2031.7846150000048,119.23598096728423,6.557816609498213,1573.8563300000037,121.39255318234578,4.214571546433699,2132.156290000005,115.34369125876798,4.506240844115217,1466.5146775000032,116.85938798874042,4.149053554025417,1986.6356900000048,122.25323992559548,7.994376962374861,1846.011607500004,113.1812377540644,8.094547923562567,1423.8977000000034
